Violation Location,ADDRNO,STNAMEPRD,STNAME,LONGITUDE,LATITUDE,ADDRDELIV,pre_abbrev,lookup_address,confidence,geocoder,latitude,longitude,original_address,street_address,Unnamed: 0,Issue Date,License Plate Number,License Plate State,License Plate Type,Violation Code,Violation Description,Unit,Vehicle Make,Fine Level 1 Amount,two_inch,date,latitude_real,longitude_real
3603 W 16TH ST,,,,,,,,,0.808,dstk,41.858897,-87.715268,3603 W 16TH ST,3603 W 16th St,75336,1/15/2006 1:17,847F252,IL,PAS,964070,SNOW ROUTE: 2' OF SNOW OR MORE,10,JAGU,30,TRUE,1/15/2006 1:17,41.858897,-87.715268
3551 S COTTAGE GROVE,,,,,,,,,0.773,dstk,41.830169,-87.610114,3551 S COTTAGE GROVE,3551 S Cottage Grove Ave,91745,1/20/2006 23:35,D411161,IL,PAS,964070,SNOW ROUTE: 2' OF SNOW OR MORE,21,DODG,30,TRUE,1/20/2006 23:35,41.830169,-87.610114
5329 S COTTAGE GROVE,,,,,,,,,0.773,dstk,41.798095,-87.60623,5329 S COTTAGE GROVE,5329 S Cottage Grove Ave,92073,1/21/2006 3:49,5730719,IL,PAS,964070,SNOW ROUTE: 2' OF SNOW OR MORE,21,CHEV,30,TRUE,1/21/2006 3:49,41.798095,-87.60623
5327 S COTTAGEGROVE,,,,,,,,,0.759,dstk,41.798132,-87.606231,5327 S COTTAGEGROVE,5327 S Cottage Grove Ave,92074,1/21/2006 3:52,2378TX,IL,TXI,964070,SNOW ROUTE: 2' OF SNOW OR MORE,21,FORD,30,TRUE,1/21/2006 3:52,41.798132,-87.606231
5325 S COTTAGE GROVE,5325,SOUTH,COTTAGE GROVE,-87.6059116,41.7976764,5325 SOUTH COTTAGE GROVE AVENUE,S,5325 S COTTAGE GROVE,,,,,,,92075,1/21/2006 3:55,9595151,IL,PAS,964070,SNOW ROUTE: 2' OF SNOW OR MORE,21,TOYT,30,TRUE,1/21/2006 3:55,41.7976764,-87.6059116
5325 S COTTAGE GROVE,5325,SOUTH,COTTAGE GROVE,-87.6059116,41.7976764,5325 SOUTH COTTAGE GROVE AVENUE,S,5325 S COTTAGE GROVE,,,,,,,2047796,12/1/2006 6:44,964G658,IL,TMP,964070,SNOW ROUTE: 2' OF SNOW OR MORE,21,FORD,30,TRUE,12/1/2006 6:44,41.7976764,-87.6059116
1632 N MILWAUKEE,1632,NORTH,MILWAUKEE,-87.6787743,41.9109253,1632 NORTH MILWAUKEE AVENUE,N,1632 N MILWAUKEE,,,,,,,95728,1/21/2006 3:23,814MJX,CO,PAS,964070,SNOW ROUTE: 2' OF SNOW OR MORE,14,ROV,30,TRUE,1/21/2006 3:23,41.9109253,-87.6787743
1532 N MILWAUKEE,1532,NORTH,MILWAUKEE,-87.6760601,41.9092177,1532 NORTH MILWAUKEE AVENUE,N,1532 N MILWAUKEE,,,,,,,95951,1/19/2006 3:15,5447698,IL,PAS,964070,SNOW ROUTE: 2' OF SNOW OR MORE,14,VOLK,30,TRUE,1/19/2006 3:15,41.9092177,-87.6760601
1363 N MILWAUKEE,,,,,,,,,0.763,dstk,41.906616,-87.67141,1363 N MILWAUKEE,1363 N Milwaukee Ave,95960,1/21/2006 3:10,6991271,IL,PAS,964070,SNOW ROUTE: 2' OF SNOW OR MORE,14,TOYT,30,TRUE,1/21/2006 3:10,41.906616,-87.67141
3657 S COTTAGE GROVE,,,,,,,,,0.773,dstk,41.828352,-87.609153,3657 S COTTAGE GROVE,3657 S Cottage Grove Ave,96919,1/20/2006 23:33,1369027,IL,PAS,964070,SNOW ROUTE: 2' OF SNOW OR MORE,21,KIA,30,TRUE,1/20/2006 23:33,41.828352,-87.609153
2304 W FOSTER,2304,WEST,FOSTER,-87.6870262,41.9761316,2304 WEST FOSTER AVENUE,W,2304 W FOSTER,,,,,,,100073,1/21/2006 3:11,1213985,IL,PAS,964070,SNOW ROUTE: 2' OF SNOW OR MORE,20,MITS,30,TRUE,1/21/2006 3:11,41.9761316,-87.6870262
2731 W FOSTER,,,,,,,,,0.75,Bing,41.97581135,-87.69800149,2731 W FOSTER,"2731 W Foster Ave, Chicago, IL 60625, United States",100427,1/21/2006 3:16,6254010,IL,PAS,964070,SNOW ROUTE: 2' OF SNOW OR MORE,20,NISS,30,TRUE,1/21/2006 3:16,41.9758113474,-87.698001489
5310 S DAMEN,5310,SOUTH,DAMEN,-87.674754,41.79715,5310 SOUTH DAMEN AVENUE,S,5310 S DAMEN,,,,,,,101734,1/21/2006 4:30,4470774,IL,PAS,964070,SNOW ROUTE: 2' OF SNOW OR MORE,9,HUMM,30,TRUE,1/21/2006 4:30,41.79715,-87.674754
5312 S DAMEN,,,,,,,,,0.75,Bing,41.79717086,-87.67445304,5312 S DAMEN,"5312 S Damen Ave, Chicago, IL 60609, United States",101735,1/21/2006 4:31,Y204369,IL,PAS,964070,SNOW ROUTE: 2' OF SNOW OR MORE,9,NISS,30,TRUE,1/21/2006 4:31,41.7971708626,-87.674453035
1348 W 51THST,,,,,,,,,0.837,dstk,41.801469,-87.659006,1348 W 51THST,1348 W 51st St,101736,1/21/2006 4:45,9576454,IL,PAS,964070,SNOW ROUTE: 2' OF SNOW OR MORE,9,FORD,30,TRUE,1/21/2006 4:45,41.801469,-87.659006
1944 W 51TH ST,,,,,,,,,0.808,dstk,41.801316,-87.673542,1944 W 51TH ST,1944 W 51st St,101737,1/21/2006 5:00,7827639,IL,PAS,964070,SNOW ROUTE: 2' OF SNOW OR MORE,9,FORD,30,TRUE,1/21/2006 5:00,41.801316,-87.673542
1643 W 35ST,,,,,,,,,0.74,dstk,41.830409,-87.666998,1643 W 35ST,1643 W 35th St,101738,1/21/2006 7:50,5912496,IL,PAS,964070,SNOW ROUTE: 2' OF SNOW OR MORE,9,MERC,30,TRUE,1/21/2006 7:50,41.830409,-87.666998
1908 S HALSTED ST,,,,,,,,,0.839,dstk,41.856556,-87.646682,1908 S HALSTED ST,1908 S Halsted St,121198,1/21/2006 4:36,7473343,IL,PAS,964070,SNOW ROUTE: 2' OF SNOW OR MORE,12,VOLV,30,TRUE,1/21/2006 4:36,41.856556,-87.646682
1837 S HALSTED ST,,,,,,,,,0.839,dstk,41.85776,-87.646565,1837 S HALSTED ST,1837 S Halsted St,121199,1/21/2006 4:50,6967054,IL,PAS,964070,SNOW ROUTE: 2' OF SNOW OR MORE,12,SUBA,30,TRUE,1/21/2006 4:50,41.85776,-87.646565
1835 S HALSTED ST,,,,,,,,,0.839,dstk,41.857764,-87.646565,1835 S HALSTED ST,1835 S Halsted St,121200,1/21/2006 4:55,5733881,IL,PAS,964070,SNOW ROUTE: 2' OF SNOW OR MORE,12,FORD,30,TRUE,1/21/2006 4:55,41.857764,-87.646565
1833 S HALSTED ST,,,,,,,,,0.839,dstk,41.857768,-87.646565,1833 S HALSTED ST,1833 S Halsted St,121201,1/21/2006 5:00,2687887,IL,PAS,964070,SNOW ROUTE: 2' OF SNOW OR MORE,12,HOND,30,TRUE,1/21/2006 5:00,41.857768,-87.646565
1718 S HALSTED ST,,,,,,,,,0.839,dstk,41.858489,-87.646738,1718 S HALSTED ST,1718 S Halsted St,121202,1/21/2006 5:06,45J3593,IN,PAS,964070,SNOW ROUTE: 2' OF SNOW OR MORE,12,FORD,30,TRUE,1/21/2006 5:06,41.858489,-87.646738
1711 S HALSTED ST,,,,,,,,,0.839,dstk,41.858479,-87.646588,1711 S HALSTED ST,1711 S Halsted St,121203,1/21/2006 5:13,D592960,IL,PAS,964070,SNOW ROUTE: 2' OF SNOW OR MORE,12,CHEV,30,TRUE,1/21/2006 5:13,41.858479,-87.646588
1835 W 103RD,1835,WEST,103RD,-87.6684911,41.706345,1835 WEST 103RD STREET,W,1835 W 103RD,,,,,,,123207,1/20/2006 22:50,7360313,IL,PAS,964070,SNOW ROUTE: 2' OF SNOW OR MORE,22,MERZ,30,TRUE,1/20/2006 22:50,41.706345,-87.6684911
903 S RACINE,,,,,,,,,0.75,dstk,41.870223,-87.656707,903 S RACINE,903 S Racine Ave,123291,1/20/2006 23:47,651209,IL,PAS,964070,SNOW ROUTE: 2' OF SNOW OR MORE,12,DODG,30,TRUE,1/20/2006 23:47,41.870223,-87.656707
901 S RACINE,901,SOUTH,RACINE,-87.656451,41.8701447,901C SOUTH RACINE AVENUE,S,901 S RACINE,,,,,,,123292,1/20/2006 23:50,1859TX,IL,TXI,964070,SNOW ROUTE: 2' OF SNOW OR MORE,12,FORD,30,TRUE,1/20/2006 23:50,41.8701447,-87.656451
901 S RACINE,901,SOUTH,RACINE,-87.6566106,41.8701479,901A SOUTH RACINE AVENUE,S,901 S RACINE,,,,,,,123292,1/20/2006 23:50,1859TX,IL,TXI,964070,SNOW ROUTE: 2' OF SNOW OR MORE,12,FORD,30,TRUE,1/20/2006 23:50,41.8701479,-87.6566106
901 S RACINE,901,SOUTH,RACINE,-87.6563772,41.870138,901D SOUTH RACINE AVENUE,S,901 S RACINE,,,,,,,123292,1/20/2006 23:50,1859TX,IL,TXI,964070,SNOW ROUTE: 2' OF SNOW OR MORE,12,FORD,30,TRUE,1/20/2006 23:50,41.870138,-87.6563772
901 S RACINE,901,SOUTH,RACINE,-87.6565202,41.8701532,901B SOUTH RACINE AVENUE,S,901 S RACINE,,,,,,,123292,1/20/2006 23:50,1859TX,IL,TXI,964070,SNOW ROUTE: 2' OF SNOW OR MORE,12,FORD,30,TRUE,1/20/2006 23:50,41.8701532,-87.6565202
901 S RACINE,901,SOUTH,RACINE,-87.656298,41.8701332,901E SOUTH RACINE AVENUE,S,901 S RACINE,,,,,,,123292,1/20/2006 23:50,1859TX,IL,TXI,964070,SNOW ROUTE: 2' OF SNOW OR MORE,12,FORD,30,TRUE,1/20/2006 23:50,41.8701332,-87.656298
1241 W 18TH STREET,,,,,,,,,0.789,dstk,41.857851,-87.658012,1241 W 18TH STREET,1241 W 18th St,125984,1/21/2006 9:13,5464323,IL,PAS,964070,SNOW ROUTE: 2' OF SNOW OR MORE,12,CADI,30,TRUE,1/21/2006 9:13,41.857851,-87.658012
1239 W 18TH STREET,,,,,,,,,0.789,dstk,41.857853,-87.657954,1239 W 18TH STREET,1239 W 18th St,125985,1/21/2006 7:15,478F741,IL,TMP,964070,SNOW ROUTE: 2' OF SNOW OR MORE,12,FORD,30,TRUE,1/21/2006 7:15,41.857853,-87.657954
6969 N CLARK,6969,NORTH,CLARK,-87.67357,42.0085364,6969 NORTH CLARK STREET,N,6969 N CLARK,,,,,,,183885,2/1/2006 3:04,5046846,IL,PAS,964070,SNOW ROUTE: 2' OF SNOW OR MORE,24,PONT,30,TRUE,2/1/2006 3:04,42.0085364,-87.67357
720 S STATE,,,,,,,,,0.763,dstk,41.872697,-87.62755,720 S STATE,720 S State St,207864,2/5/2006 3:25,3777275,IL,PAS,964070,SNOW ROUTE: 2' OF SNOW OR MORE,1,CHRY,30,TRUE,2/5/2006 3:25,41.872697,-87.62755
720 S STATE,,,,,,,,,0.763,dstk,41.872697,-87.62755,720 S STATE,720 S State St,2485097,2/5/2006 3:21,6224037,IL,PAS,964070,SNOW ROUTE: 2' OF SNOW OR MORE,1,CHEV,30,TRUE,2/5/2006 3:21,41.872697,-87.62755
940 S STATE,,,,,,,,,0.763,dstk,41.870098,-87.627491,940 S STATE,940 S State St,207865,2/5/2006 3:25,5549480,IL,PAS,964070,SNOW ROUTE: 2' OF SNOW OR MORE,1,SUBA,30,TRUE,2/5/2006 3:25,41.870098,-87.627491
1410 S STATE,1410,SOUTH,STATE,-87.6276684,41.8636476,1410 SOUTH STATE STREET,S,1410 S STATE,,,,,,,207866,2/5/2006 3:30,C933422,IL,PAS,964070,SNOW ROUTE: 2' OF SNOW OR MORE,1,VOLK,30,TRUE,2/5/2006 3:30,41.8636476,-87.6276684
1502 S STATE,,,,,,,,,0.763,dstk,41.861904,-87.627298,1502 S STATE,1502 S State St,215055,2/5/2006 7:31,KW7278,IL,PAS,964070,SNOW ROUTE: 2' OF SNOW OR MORE,1,LEXU,30,TRUE,2/5/2006 7:31,41.861904,-87.627298
1527 S STATE,1527,SOUTH,STATE,-87.6268865,41.8610257,1527 SOUTH STATE STREET,S,1527 S STATE,,,,,,,215056,2/5/2006 3:35,J617568,IL,PAS,964070,SNOW ROUTE: 2' OF SNOW OR MORE,1,VOLK,30,TRUE,2/5/2006 3:35,41.8610257,-87.6268865
1035 S STATE,,,,,,,,,0.763,dstk,41.869705,-87.627332,1035 S STATE,1035 S State St,215057,2/5/2006 3:39,1373518,IL,PAS,964070,SNOW ROUTE: 2' OF SNOW OR MORE,1,HOND,30,TRUE,2/5/2006 3:39,41.869705,-87.627332
1021 S STATE,1021,SOUTH,STATE,-87.6270314,41.8695153,1021 SOUTH STATE STREET,S,1021 S STATE,,,,,,,215058,2/5/2006 3:40,140G594,IL,TMP,964070,SNOW ROUTE: 2' OF SNOW OR MORE,1,CHEV,30,TRUE,2/5/2006 3:40,41.8695153,-87.6270314
1021 S STATE,1021,SOUTH,STATE,-87.6270314,41.8695153,1021 SOUTH STATE STREET,S,1021 S STATE,,,,,,,215059,2/5/2006 3:40,3977TX,IL,TXI,964070,SNOW ROUTE: 2' OF SNOW OR MORE,1,MERC,30,TRUE,2/5/2006 3:40,41.8695153,-87.6270314
1007 S STATE,,,,,,,,,0.763,dstk,41.869909,-87.627336,1007 S STATE,1007 S State St,215060,2/5/2006 3:41,760LAO,IA,PAS,964070,SNOW ROUTE: 2' OF SNOW OR MORE,1,SATR,30,TRUE,2/5/2006 3:41,41.869909,-87.627336
1003 S STATE,,,,,,,,,0.763,dstk,41.869923,-87.627411,1003 S STATE,1003 S State St,215061,2/5/2006 3:42,7998181,IL,PAS,964070,SNOW ROUTE: 2' OF SNOW OR MORE,1,MITS,30,TRUE,2/5/2006 3:42,41.869923,-87.627411
843 S STATE,,,,,,,,,0.763,dstk,41.871258,-87.627368,843 S STATE,843 S State St,215062,2/5/2006 3:43,102G084,IL,TMP,964070,SNOW ROUTE: 2' OF SNOW OR MORE,1,GMC,30,TRUE,2/5/2006 3:43,41.871258,-87.627368
813 S STATE,,,,,,,,,0.763,dstk,41.871652,-87.627377,813 S STATE,813 S State St,215064,2/5/2006 3:46,RFS64,IL,PAS,964070,SNOW ROUTE: 2' OF SNOW OR MORE,1,TOYT,30,TRUE,2/5/2006 3:46,41.871652,-87.627377
623 S STATE,,,,,,,,,0.763,dstk,41.874087,-87.62746,623 S STATE,623 S State St,215065,2/5/2006 3:50,1063839,IL,PAS,964070,SNOW ROUTE: 2' OF SNOW OR MORE,1,PONT,30,TRUE,2/5/2006 3:50,41.874087,-87.62746
1000 S STATE,,,,,,,,,0.763,dstk,41.869923,-87.627411,1000 S STATE,1000 S State St,221151,2/5/2006 2:28,6516033,IL,PAS,964070,SNOW ROUTE: 2' OF SNOW OR MORE,1,HOND,30,TRUE,2/5/2006 2:28,41.869923,-87.627411
1000 S STATE,,,,,,,,,0.763,dstk,41.869923,-87.627411,1000 S STATE,1000 S State St,2396329,2/5/2006 3:28,9973953,IL,PAS,964070,SNOW ROUTE: 2' OF SNOW OR MORE,1,SAAB,30,TRUE,2/5/2006 3:28,41.869923,-87.627411
505 S STATE,,,,,,,,,0.763,dstk,41.87561,-87.627534,505 S STATE,505 S State St,225109,2/5/2006 3:37,DOM1462,OH,PAS,964070,SNOW ROUTE: 2' OF SNOW OR MORE,1,JEEP,30,TRUE,2/5/2006 3:37,41.87561,-87.627534
1150 N MILWAUKEE,,,,,,,,,0.763,dstk,41.902626,-87.665459,1150 N MILWAUKEE,1150 N Milwaukee Ave,249495,2/14/2006 3:11,6315952,IL,PAS,964070,SNOW ROUTE: 2' OF SNOW OR MORE,13,JEEP,30,TRUE,2/14/2006 3:11,41.902626,-87.665459
1178 N MILWAUKEE,1178,NORTH,MILWAUKEE,-87.6663137,41.9029787,1178 NORTH MILWAUKEE AVENUE,N,1178 N MILWAUKEE,,,,,,,250819,2/14/2006 3:15,5780847,IL,PAS,964070,SNOW ROUTE: 2' OF SNOW OR MORE,13,VOLV,30,TRUE,2/14/2006 3:15,41.9029787,-87.6663137
470 N MILWAUKEE,470,NORTH,MILWAUKEE,-87.6466331,41.8904082,470 NORTH MILWAUKEE AVENUE,N,470 N MILWAUKEE,,,,,,,250820,2/14/2006 3:20,DL024BL,IL,PAS,964070,SNOW ROUTE: 2' OF SNOW OR MORE,13,VOLK,30,TRUE,2/14/2006 3:20,41.8904082,-87.6466331
5548 N KEDZIE,,,,,,,,,0.75,dstk,41.982144,-87.708909,5548 N KEDZIE,5548 N Kedzie Ave,329820,2/27/2006 3:53,477F096,IL,TMP,964070,SNOW ROUTE: 2' OF SNOW OR MORE,17,PONT,30,TRUE,2/27/2006 3:53,41.982144,-87.708909
5520 N KEDZIE,,,,,,,,,0.75,dstk,41.981626,-87.708899,5520 N KEDZIE,5520 N Kedzie Ave,329846,2/27/2006 4:00,227780DE,IL,PAS,964070,SNOW ROUTE: 2' OF SNOW OR MORE,17,FORD,30,TRUE,2/27/2006 4:00,41.981626,-87.708899
5416 N KEDZIE,5416,NORTH,KEDZIE,-87.7090762,41.9800224,5416 NORTH KEDZIE AVENUE,N,5416 N KEDZIE,,,,,,,329847,2/27/2006 4:00,5568905,IL,PAS,964070,SNOW ROUTE: 2' OF SNOW OR MORE,17,VOLK,30,TRUE,2/27/2006 4:00,41.9800224,-87.7090762
6125 N FOREST GLEN,6125,NORTH,FOREST GLEN,-87.7401748,41.9923041,6125 NORTH FOREST GLEN AVENUE,N,6125 N FOREST GLEN,,,,,,,431143,3/17/2006 10:45,9574201,IL,PAS,964070,SNOW ROUTE: 2' OF SNOW OR MORE,17,DODG,30,TRUE,3/17/2006 10:45,41.9923041,-87.7401748
6205 N FOREST GLEN,6205,NORTH,FOREST GLEN,-87.739255,41.993374,6205 NORTH FOREST GLEN AVENUE,N,6205 N FOREST GLEN,,,,,,,431145,3/17/2006 10:55,CCD563,IL,PAS,964070,SNOW ROUTE: 2' OF SNOW OR MORE,17,FORD,30,TRUE,3/17/2006 10:55,41.993374,-87.739255
3017 N CENTRAL,3017,NORTH,CENTRAL,-87.7661307,41.9354437,3017 NORTH CENTRAL AVENUE,N,3017 N CENTRAL,,,,,,,496462,3/31/2006 3:26,1772128,IL,PAS,964070,SNOW ROUTE: 2' OF SNOW OR MORE,25,DODG,30,TRUE,3/31/2006 3:26,41.9354437,-87.7661307
3015 N CENTRAL,3015,NORTH,CENTRAL,-87.7661256,41.9353969,3015 NORTH CENTRAL AVENUE,N,3015 N CENTRAL,,,,,,,496463,3/31/2006 3:31,AB57317,AZ,TMP,964070,SNOW ROUTE: 2' OF SNOW OR MORE,25,TOYT,30,TRUE,3/31/2006 3:31,41.9353969,-87.7661256
3745 S KEDZIE,,,,,,,,,0.75,dstk,41.825071,-87.704394,3745 S KEDZIE,3745 S Kedzie Ave,1398461,8/20/2006 16:50,9375574,IL,PAS,964070,SNOW ROUTE: 2' OF SNOW OR MORE,9,TOYT,30,TRUE,8/20/2006 16:50,41.825071,-87.704394
1512 W JACKSON,1512,WEST,JACKSON,-87.6649497,41.8778856,1512 WEST JACKSON BOULEVARD,W,1512 W JACKSON,,,,,,,2036878,12/2/2006 16:47,6974497,IL,PAS,964070,SNOW ROUTE: 2' OF SNOW OR MORE,57,HOND,30,TRUE,12/2/2006 16:47,41.8778856,-87.6649497
850 W GARFIELD BLVD,,,,,,,,,0.835,dstk,41.79437,-87.646374,850 W GARFIELD BLVD,850 W Garfield Blvd,2036894,12/1/2006 11:34,8589539,IL,PAS,964070,SNOW ROUTE: 2' OF SNOW OR MORE,57,CHEV,30,TRUE,12/1/2006 11:34,41.79437,-87.646374
2936 W GARFIELD BLVD,,,,,,,,,1,OpenCage,41.7936518,-87.6652997,2936 W GARFIELD BLVD,"West Garfield Boulevard, Chicago, IL 60636, United States of America",2036895,12/1/2006 11:45,8910700,IL,PAS,964070,SNOW ROUTE: 2' OF SNOW OR MORE,57,NISS,30,TRUE,12/1/2006 11:45,41.7936518,-87.6652997
3022 W GARFIELD BLVD,,,,,,,,,1,OpenCage,41.7936518,-87.6652997,3022 W GARFIELD BLVD,"West Garfield Boulevard, Chicago, IL 60636, United States of America",2036896,12/1/2006 11:49,8590452,IL,PAS,964070,SNOW ROUTE: 2' OF SNOW OR MORE,57,CHEV,30,TRUE,12/1/2006 11:49,41.7936518,-87.6652997
3046 W GARFIELD BLVD,,,,,,,,,0.9,OpenCage,41.7940815,-87.6378567,3046 W GARFIELD BLVD,"West Garfield Boulevard, Chicago, IL 60621, United States of America",2036897,12/1/2006 23:52,3486121,IL,PAS,964070,SNOW ROUTE: 2' OF SNOW OR MORE,57,FORD,30,TRUE,12/1/2006 23:52,41.7940815,-87.6378567
3218 W GARFIELD BLVD,,,,,,,,,0.9,OpenCage,41.7940815,-87.6378567,3218 W GARFIELD BLVD,"West Garfield Boulevard, Chicago, IL 60621, United States of America",2036898,12/1/2006 11:58,3429217,IL,PAS,964070,SNOW ROUTE: 2' OF SNOW OR MORE,57,DODG,30,TRUE,12/1/2006 11:58,41.7940815,-87.6378567
3306 W GARFIELD BLVD,,,,,,,,,0.9,OpenCage,41.7940815,-87.6378567,3306 W GARFIELD BLVD,"West Garfield Boulevard, Chicago, IL 60621, United States of America",2036899,12/1/2006 12:01,B518132,IL,PAS,964070,SNOW ROUTE: 2' OF SNOW OR MORE,57,NISS,30,TRUE,12/1/2006 12:01,41.7940815,-87.6378567
3310 W GARFIELD BLVD,,,,,,,,,0.9,OpenCage,41.7940815,-87.6378567,3310 W GARFIELD BLVD,"West Garfield Boulevard, Chicago, IL 60621, United States of America",2036900,12/1/2006 12:07,3352159,IL,PAS,964070,SNOW ROUTE: 2' OF SNOW OR MORE,57,DODG,30,TRUE,12/1/2006 12:07,41.7940815,-87.6378567
3420 W GARFIELD BLVD,,,,,,,,,1,OpenCage,41.7936518,-87.6652997,3420 W GARFIELD BLVD,"West Garfield Boulevard, Chicago, IL 60636, United States of America",2036901,12/1/2006 12:10,888G120,IL,TMP,964070,SNOW ROUTE: 2' OF SNOW OR MORE,57,CHEV,30,TRUE,12/1/2006 12:10,41.7936518,-87.6652997
3428 W GARFIELD BLVD,,,,,,,,,1,OpenCage,41.7936518,-87.6652997,3428 W GARFIELD BLVD,"West Garfield Boulevard, Chicago, IL 60636, United States of America",2036902,12/1/2006 12:17,227442D,IL,TRK,964070,SNOW ROUTE: 2' OF SNOW OR MORE,57,FORD,30,TRUE,12/1/2006 12:17,41.7936518,-87.6652997
3440 W GARFIELD BLVD,,,,,,,,,0.9,OpenCage,41.7940815,-87.6378567,3440 W GARFIELD BLVD,"West Garfield Boulevard, Chicago, IL 60621, United States of America",2036903,12/1/2006 12:21,94C5026,IN,PAS,964070,SNOW ROUTE: 2' OF SNOW OR MORE,57,PONT,30,TRUE,12/1/2006 12:21,41.7940815,-87.6378567
2614 W 55TH ST,,,,,,,,,0.808,dstk,41.793844,-87.689445,2614 W 55TH ST,2614 W 55th St,2036905,12/1/2006 11:42,7311350,IL,PAS,964070,SNOW ROUTE: 2' OF SNOW OR MORE,57,HYUN,30,TRUE,12/1/2006 11:42,41.793844,-87.689445
3032 W 55TH ST,,,,,,,,,0.808,dstk,41.793582,-87.699897,3032 W 55TH ST,3032 W 55th St,2036906,12/1/2006 23:48,8462197,IL,PAS,964070,SNOW ROUTE: 2' OF SNOW OR MORE,57,TOYT,30,TRUE,12/1/2006 23:48,41.793582,-87.699897
3048 W 55TH ST,,,,,,,,,0.808,dstk,41.79365,-87.700181,3048 W 55TH ST,3048 W 55th St,2036907,12/1/2006 11:52,8525116,IL,PAS,964070,SNOW ROUTE: 2' OF SNOW OR MORE,57,DODG,30,TRUE,12/1/2006 11:52,41.79365,-87.700181
3210 W 55TH ST,,,,,,,,,0.808,dstk,41.793581,-87.703944,3210 W 55TH ST,3210 W 55th St,2036908,12/1/2006 23:57,5714755,IL,PAS,964070,SNOW ROUTE: 2' OF SNOW OR MORE,57,CHEV,30,TRUE,12/1/2006 23:57,41.793581,-87.703944
3422 W 55TH ST,,,,,,,,,0.808,dstk,41.793499,-87.70948,3422 W 55TH ST,3422 W 55th St,2036909,12/1/2006 12:12,8566593,IL,PAS,964070,SNOW ROUTE: 2' OF SNOW OR MORE,57,GMC,30,TRUE,12/1/2006 12:12,41.793499,-87.70948
3436 W 55TH ST,,,,,,,,,0.808,dstk,41.793495,-87.709787,3436 W 55TH ST,3436 W 55th St,2036910,12/1/2006 12:16,9596456,IL,PAS,964070,SNOW ROUTE: 2' OF SNOW OR MORE,57,DODG,30,TRUE,12/1/2006 12:16,41.793495,-87.709787
3650 W 55TH ST,,,,,,,,,0.808,dstk,41.793398,-87.715231,3650 W 55TH ST,3650 W 55th St,2036911,12/1/2006 12:23,7668815,IL,PAS,964070,SNOW ROUTE: 2' OF SNOW OR MORE,57,JEEP,30,TRUE,12/1/2006 12:23,41.793398,-87.715231
2737 W DIVISION,,,,,,,,,0.775,dstk,41.902864,-87.695311,2737 W DIVISION,2737 W Division St,2037056,12/1/2006 3:03,8089417,IL,PAS,964070,SNOW ROUTE: 2' OF SNOW OR MORE,13,FORD,30,TRUE,12/1/2006 3:03,41.902864,-87.695311
2445 S PULASKI,2445,SOUTH,PULASKI,-87.7241842,41.8465732,2445 SOUTH PULASKI ROAD,S,2445 S PULASKI,,,,,,,2037892,12/1/2006 8:00,97968G,IL,TRK,964070,SNOW ROUTE: 2' OF SNOW OR MORE,10,FORD,30,TRUE,12/1/2006 8:00,41.8465732,-87.7241842
2443 S PULASKI,,,,,,,,,0.772,dstk,41.846935,-87.724559,2443 S PULASKI,2443 S Pulaski Rd,2037893,12/1/2006 8:01,9464996,IL,PAS,964070,SNOW ROUTE: 2' OF SNOW OR MORE,10,DODG,30,TRUE,12/1/2006 8:01,41.846935,-87.724559
2441 S PULASKI,2441,SOUTH,PULASKI,-87.724361,41.8466693,2441 SOUTH PULASKI ROAD,S,2441 S PULASKI,,,,,,,2037894,12/1/2006 8:02,AGJ1677,MI,PAS,964070,SNOW ROUTE: 2' OF SNOW OR MORE,10,FORD,30,TRUE,12/1/2006 8:02,41.8466693,-87.724361
2441 S PULASKI,2441,SOUTH,PULASKI,-87.724361,41.8466693,2441 SOUTH PULASKI ROAD,S,2441 S PULASKI,,,,,,,2037895,12/1/2006 8:03,733G889,IL,TMP,964070,SNOW ROUTE: 2' OF SNOW OR MORE,10,PONT,30,TRUE,12/1/2006 8:03,41.8466693,-87.724361
2439 S PULASKI,2439,SOUTH,PULASKI,-87.7243388,41.8467537,2439 SOUTH PULASKI ROAD,S,2439 S PULASKI,,,,,,,2037896,12/1/2006 8:06,5986485,IL,PAS,964070,SNOW ROUTE: 2' OF SNOW OR MORE,10,LINC,30,TRUE,12/1/2006 8:06,41.8467537,-87.7243388
2429 S PULASKI,2429,SOUTH,PULASKI,-87.7243445,41.8470176,2429 SOUTH PULASKI ROAD,S,2429 S PULASKI,,,,,,,2037897,12/1/2006 8:08,8016996,IL,PAS,964070,SNOW ROUTE: 2' OF SNOW OR MORE,10,DODG,30,TRUE,12/1/2006 8:08,41.8470176,-87.7243445
2423 S PULASKI,2423,SOUTH,PULASKI,-87.7243529,41.8471937,2423 SOUTH PULASKI ROAD,S,2423 S PULASKI,,,,,,,2037898,12/1/2006 8:09,8091279,IL,PAS,964070,SNOW ROUTE: 2' OF SNOW OR MORE,10,NISS,30,TRUE,12/1/2006 8:09,41.8471937,-87.7243529
2419 S PULASKI,2419,SOUTH,PULASKI,-87.7241382,41.8472851,2419 SOUTH PULASKI ROAD,S,2419 S PULASKI,,,,,,,2037899,12/1/2006 8:10,7982498,IL,PAS,964070,SNOW ROUTE: 2' OF SNOW OR MORE,10,CHEV,30,TRUE,12/1/2006 8:10,41.8472851,-87.7241382
2413 S PULASKI,2413,SOUTH,PULASKI,-87.7243545,41.8474666,2413 SOUTH PULASKI ROAD,S,2413 S PULASKI,,,,,,,2037900,12/1/2006 2:18,4447703,IL,PAS,964070,SNOW ROUTE: 2' OF SNOW OR MORE,10,FORD,30,TRUE,12/1/2006 2:18,41.8474666,-87.7243545
2415 S PULASKI,,,,,,,,,0.772,dstk,41.847554,-87.724567,2415 S PULASKI,2415 S Pulaski Rd,2037901,12/1/2006 8:21,,IL,PAS,964070,SNOW ROUTE: 2' OF SNOW OR MORE,10,PONT,30,TRUE,12/1/2006 8:21,41.847554,-87.724567
2416 S PULASKI,2416,SOUTH,PULASKI,-87.7251064,41.8472908,2416 SOUTH PULASKI ROAD,S,2416 S PULASKI,,,,,,,2037904,12/1/2006 8:30,6836304,IL,PAS,964070,SNOW ROUTE: 2' OF SNOW OR MORE,10,MAZD,30,TRUE,12/1/2006 8:30,41.8472908,-87.7251064
2702 S PULASKI,,,,,,,,,0.772,dstk,41.842371,-87.724572,2702 S PULASKI,2702 S Pulaski Rd,2037905,12/1/2006 8:36,8108322,IL,PAS,964070,SNOW ROUTE: 2' OF SNOW OR MORE,10,PONT,30,TRUE,12/1/2006 8:36,41.842371,-87.724572
2726 S PULASKI,2726,SOUTH,PULASKI,-87.7247279,41.8415714,2726 SOUTH PULASKI ROAD,S,2726 S PULASKI,,,,,,,2037906,12/1/2006 8:41,8336853,IL,PAS,964070,SNOW ROUTE: 2' OF SNOW OR MORE,10,PONT,30,TRUE,12/1/2006 8:41,41.8415714,-87.7247279
624 W 31ST,624,WEST,31ST,-87.6424795,41.8383295,624 WEST 31ST STREET,W,624 W 31ST,,,,,,,2038760,12/1/2006 6:30,7566710,IL,PAS,964070,SNOW ROUTE: 2' OF SNOW OR MORE,9,FORD,30,TRUE,12/1/2006 6:30,41.8383295,-87.6424795
2947 S HALSTED,2947,SOUTH,HALSTED,-87.646058,41.8403348,2947 SOUTH HALSTED STREET,S,2947 S HALSTED,,,,,,,2038761,12/1/2006 6:30,9588777,IL,PAS,964070,SNOW ROUTE: 2' OF SNOW OR MORE,9,PONT,30,TRUE,12/1/2006 6:30,41.8403348,-87.646058
3349 W MONTROSE,,,,,,,,,0.759,dstk,41.961143,-87.711908,3349 W MONTROSE,3349 W Montrose Ave,2042469,12/1/2006 9:50,1216245,IL,PAS,964070,SNOW ROUTE: 2' OF SNOW OR MORE,17,TOYT,30,TRUE,12/1/2006 9:50,41.961143,-87.711908
3339 W MONTROSE,,,,,,,,,0.759,dstk,41.96107,-87.711468,3339 W MONTROSE,3339 W Montrose Ave,2042470,12/1/2006 5:55,3892654,IL,PAS,964070,SNOW ROUTE: 2' OF SNOW OR MORE,17,SUZI,30,TRUE,12/1/2006 5:55,41.96107,-87.711468
8337 W MONTROSE,,,,,,,,,0.759,dstk,41.959307,-87.835203,8337 W MONTROSE,8337 W Montrose Ave,2042471,12/1/2006 9:55,2490531,IL,PAS,964070,SNOW ROUTE: 2' OF SNOW OR MORE,17,CHEV,30,TRUE,12/1/2006 9:55,41.959307,-87.835203
3327 W MONTROSE,3327,WEST,MONTROSE,-87.7117934,41.9609022,3327 WEST MONTROSE AVENUE,W,3327 W MONTROSE,,,,,,,2042472,12/1/2006 10:00,6896250,IL,PAS,964070,SNOW ROUTE: 2' OF SNOW OR MORE,17,NISS,30,TRUE,12/1/2006 10:00,41.9609022,-87.7117934
3309 W MONTROSE,3309,WEST,MONTROSE,-87.7111015,41.9609883,3309 WEST MONTROSE AVENUE,W,3309 W MONTROSE,,,,,,,2042473,12/1/2006 10:08,8AAH20,MI,PAS,964070,SNOW ROUTE: 2' OF SNOW OR MORE,17,DODG,30,TRUE,12/1/2006 10:08,41.9609883,-87.7111015
3235 W MONTROSE,3235,WEST,MONTROSE,-87.7096372,41.9609452,3235 WEST MONTROSE AVENUE,W,3235 W MONTROSE,,,,,,,2042474,12/1/2006 10:05,2239689,IL,PAS,964070,SNOW ROUTE: 2' OF SNOW OR MORE,17,DODG,30,TRUE,12/1/2006 10:05,41.9609452,-87.7096372
3235 W MONTROSE,3235,WEST,MONTROSE,-87.7096372,41.9609452,3235 WEST MONTROSE AVENUE,W,3235 W MONTROSE,,,,,,,2293003,12/1/2006 10:05,9544931,IL,PAS,964070,SNOW ROUTE: 2' OF SNOW OR MORE,17,TOYT,30,TRUE,12/1/2006 10:05,41.9609452,-87.7096372
333 E ONTARIO,333,EAST,ONTARIO,-87.6186584,41.8932202,333 EAST ONTARIO STREET,E,333 E ONTARIO,,,,,,,2043928,12/1/2006 11:17,75U262,IN,PAS,964070,SNOW ROUTE: 2' OF SNOW OR MORE,252,BUIC,30,TRUE,12/1/2006 11:17,41.8932202,-87.6186584
1810 W CHICAGO AVE,,,,,,,,,0.837,dstk,41.896062,-87.67236,1810 W CHICAGO AVE,1810 W Chicago Ave,2045076,12/1/2006 7:04,7983860,IL,PAS,964070,SNOW ROUTE: 2' OF SNOW OR MORE,13,CHEV,30,TRUE,12/1/2006 7:04,41.896062,-87.67236
739 N CHICAGO AVE,,,,,,,,,0.815,dstk,41.896313,-87.647347,739 N CHICAGO AVE,739 W Chicago Ave,2045077,12/1/2006 7:31,5758869,IL,PAS,964070,SNOW ROUTE: 2' OF SNOW OR MORE,13,HOND,30,TRUE,12/1/2006 7:31,41.896313,-87.647347
1453 W GRAND AVE,,,,,,,,,0.841,dstk,41.890936,-87.663933,1453 W GRAND AVE,1453 W Grand Ave,2045080,12/1/2006 7:58,7073217,IL,PAS,964070,SNOW ROUTE: 2' OF SNOW OR MORE,13,FORD,30,TRUE,12/1/2006 7:58,41.890936,-87.663933
1445 W GRAND AVE,,,,,,,,,0.841,dstk,41.890938,-87.6637,1445 W GRAND AVE,1445 W Grand Ave,2045081,12/1/2006 8:00,5020466,IL,PAS,964070,SNOW ROUTE: 2' OF SNOW OR MORE,13,CHEV,30,TRUE,12/1/2006 8:00,41.890938,-87.6637
10618 S AVENUE O,10618,SOUTH,AVENUE O,-87.540375,41.7021,10618 SOUTH AVENUE O,S,10618 S AVENUE O,,,,,,,2045347,12/1/2006 5:07,4229089,IL,PAS,964070,SNOW ROUTE: 2' OF SNOW OR MORE,4,CHEV,30,TRUE,12/1/2006 5:07,41.7021,-87.540375
10618 S AVENUE O,10618,SOUTH,AVENUE O,-87.540375,41.7021,10618 SOUTH AVENUE O,S,10618 S AVENUE O,,,,,,,2045349,12/1/2006 5:55,4185447,IL,PAS,964070,SNOW ROUTE: 2' OF SNOW OR MORE,4,CHEV,30,TRUE,12/1/2006 5:55,41.7021,-87.540375
10630 S AVENUE O,,,,,,,,,0.843,dstk,41.70203,-87.540168,10630 S AVENUE O,10630 S Ave O,2045350,12/1/2006 5:12,HCN175,IL,PAS,964070,SNOW ROUTE: 2' OF SNOW OR MORE,4,JEEP,30,TRUE,12/1/2006 5:12,41.70203,-87.540168
10642 S AVENUE O,10642,SOUTH,AVENUE O,-87.540394,41.701482,10642 SOUTH AVENUE O,S,10642 S AVENUE O,,,,,,,2045351,12/1/2006 5:30,4556727,IL,PAS,964070,SNOW ROUTE: 2' OF SNOW OR MORE,4,DODG,30,TRUE,12/1/2006 5:30,41.701482,-87.540394
10652 S AVENUE O,10652,SOUTH,AVENUE O,-87.540362,41.701208,10652 SOUTH AVENUE O,S,10652 S AVENUE O,,,,,,,2045352,12/1/2006 5:30,6358209,IL,PAS,964070,SNOW ROUTE: 2' OF SNOW OR MORE,4,FORD,30,TRUE,12/1/2006 5:30,41.701208,-87.540362
1658 S AVENUE O,,,,,,,,,1,OpenCage,41.6900351,-87.5400952,1658 S AVENUE O,"South Avenue O, Chicago, IL 60633, United States of America",2045353,12/1/2006 5:35,1300508,IL,PAS,964070,SNOW ROUTE: 2' OF SNOW OR MORE,4,CHEV,30,TRUE,12/1/2006 5:35,41.6900351,-87.5400952
10643 S AVENUE O,10643,SOUTH,AVENUE O,-87.539813,41.701488,10643 SOUTH AVENUE O,S,10643 S AVENUE O,,,,,,,2045354,12/1/2006 5:45,5797348,IL,PAS,964070,SNOW ROUTE: 2' OF SNOW OR MORE,4,FORD,30,TRUE,12/1/2006 5:45,41.701488,-87.539813
10637 S AVENUE O,,,,,,,,,0.843,dstk,41.701935,-87.540018,10637 S AVENUE O,10637 S Ave O,2045355,12/1/2006 5:40,9327610,IL,PAS,964070,SNOW ROUTE: 2' OF SNOW OR MORE,4,HOND,30,TRUE,12/1/2006 5:40,41.701935,-87.540018
10623 S AVENUE O,,,,,,,,,0.843,dstk,41.702159,-87.540019,10623 S AVENUE O,10623 S Ave O,2045356,12/1/2006 5:45,8752710,IL,PAS,964070,SNOW ROUTE: 2' OF SNOW OR MORE,4,CHEV,30,TRUE,12/1/2006 5:45,41.702159,-87.540019
10617 S AVENUE O,10617,SOUTH,AVENUE O,-87.539801,41.702146,10617 SOUTH AVENUE O,S,10617 S AVENUE O,,,,,,,2045357,12/1/2006 5:50,8113766,IL,PAS,964070,SNOW ROUTE: 2' OF SNOW OR MORE,4,BUIC,30,TRUE,12/1/2006 5:50,41.702146,-87.539801
2323 S KEDZIE,,,,,,,,,0.75,dstk,41.849545,-87.705112,2323 S KEDZIE,2323 S Kedzie Ave,2045441,12/3/2006 5:46,9395953,IL,PAS,964070,SNOW ROUTE: 2' OF SNOW OR MORE,10,NISS,30,TRUE,12/3/2006 5:46,41.849545,-87.705112
1911 S KEDZIE,1911,SOUTH,KEDZIE,-87.7050419,41.8550087,1911 SOUTH KEDZIE AVENUE,S,1911 S KEDZIE,,,,,,,2045442,12/3/2006 5:57,7135022,IL,PAS,964070,SNOW ROUTE: 2' OF SNOW OR MORE,10,BUIC,30,TRUE,12/3/2006 5:57,41.8550087,-87.7050419
1909 S KEDZIE,1909,SOUTH,KEDZIE,-87.705053,41.855071,1909 SOUTH KEDZIE AVENUE,S,1909 S KEDZIE,,,,,,,2045443,12/3/2006 6:00,9649185,IL,PAS,964070,SNOW ROUTE: 2' OF SNOW OR MORE,10,CHEV,30,TRUE,12/3/2006 6:00,41.855071,-87.705053
1826 S KEDZIE,1826,SOUTH,KEDZIE,-87.7057001,41.8569149,1826 SOUTH KEDZIE AVENUE,S,1826 S KEDZIE,,,,,,,2045444,12/3/2006 6:03,6357838,IL,PAS,964070,SNOW ROUTE: 2' OF SNOW OR MORE,10,CHEV,30,TRUE,12/3/2006 6:03,41.8569149,-87.7057001
4738 N PULASKI,,,,,,,,,0.772,dstk,41.967355,-87.728075,4738 N PULASKI,4738 N Pulaski Rd,2045817,12/1/2006 11:00,183030DB,IL,TRK,964070,SNOW ROUTE: 2' OF SNOW OR MORE,17,FORD,30,TRUE,12/1/2006 11:00,41.967355,-87.728075
4736 N PULASKI,,,,,,,,,0.772,dstk,41.967269,-87.728074,4736 N PULASKI,4736 N Pulaski Rd,2045880,12/1/2006 10:25,7073632,IL,PAS,964070,SNOW ROUTE: 2' OF SNOW OR MORE,17,HOND,30,TRUE,12/1/2006 10:25,41.967269,-87.728074
4707 N PULASKI,,,,,,,,,0.772,dstk,41.966575,-87.727904,4707 N PULASKI,4707 N Pulaski Rd,2045881,12/1/2006 10:30,31201LB,IL,TRK,964070,SNOW ROUTE: 2' OF SNOW OR MORE,17,FORD,30,TRUE,12/1/2006 10:30,41.966575,-87.727904
4707 N PULASKI,,,,,,,,,0.772,dstk,41.966575,-87.727904,4707 N PULASKI,4707 N Pulaski Rd,2735078,12/1/2006 10:40,2927259,IL,PAS,964070,SNOW ROUTE: 2' OF SNOW OR MORE,17,NISS,30,TRUE,12/1/2006 10:40,41.966575,-87.727904
4709 N PULASKI,,,,,,,,,0.772,dstk,41.966628,-87.727905,4709 N PULASKI,4709 N Pulaski Rd,2045882,12/1/2006 10:30,1874TX,IL,TXI,964070,SNOW ROUTE: 2' OF SNOW OR MORE,17,FORD,30,TRUE,12/1/2006 10:30,41.966628,-87.727905
4711 N PULASKI,,,,,,,,,0.772,dstk,41.966681,-87.727906,4711 N PULASKI,4711 N Pulaski Rd,2045883,12/1/2006 10:30,528TX,IL,TXI,964070,SNOW ROUTE: 2' OF SNOW OR MORE,17,FORD,30,TRUE,12/1/2006 10:30,41.966681,-87.727906
4748 N PULASKI,,,,,,,,,0.772,dstk,41.967784,-87.728014,4748 N PULASKI,4748 N Pulaski Rd,2045884,12/1/2006 10:35,2720952,IL,PAS,964070,SNOW ROUTE: 2' OF SNOW OR MORE,17,CHEV,30,TRUE,12/1/2006 10:35,41.967784,-87.728014
4946 N PULASKI,,,,,,,,,0.772,dstk,41.971068,-87.728183,4946 N PULASKI,4946 N Pulaski Rd,2045885,12/1/2006 10:55,163731,IL,PAS,964070,SNOW ROUTE: 2' OF SNOW OR MORE,17,FORD,30,TRUE,12/1/2006 10:55,41.971068,-87.728183
4930 N PULASKI,4930,NORTH,PULASKI,-87.7283041,41.9710352,4930 NORTH PULASKI ROAD,N,4930 N PULASKI,,,,,,,2045886,12/1/2006 10:58,4373TX,IL,TXI,964070,SNOW ROUTE: 2' OF SNOW OR MORE,17,FORD,30,TRUE,12/1/2006 10:58,41.9710352,-87.7283041
3045 W IRVING PARK,3045,WEST,IRVING PARK,-87.7049495,41.9536378,3045 WEST IRVING PARK ROAD,W,3045 W IRVING PARK,,,,,,,2045942,12/2/2006 23:41,DMX8034,OH,TRK,964070,SNOW ROUTE: 2' OF SNOW OR MORE,17,DODG,30,TRUE,12/2/2006 23:41,41.9536378,-87.7049495
4045 N ELSTON,4045,NORTH,ELSTON,-87.7204482,41.954964,4045 NORTH ELSTON AVENUE,N,4045 N ELSTON,,,,,,,2045943,12/3/2006 2:57,4GJ5860,CA,PAS,964070,SNOW ROUTE: 2' OF SNOW OR MORE,17,HOND,30,TRUE,12/3/2006 2:57,41.954964,-87.7204482
4163 N ELSTON,4163,NORTH,ELSTON,-87.723077,41.956727,4163 NORTH ELSTON AVENUE,N,4163 N ELSTON,,,,,,,2045944,12/3/2006 1:00,23730EB,IL,TRK,964070,SNOW ROUTE: 2' OF SNOW OR MORE,17,DODG,30,TRUE,12/3/2006 1:00,41.956727,-87.723077
3059 W MONTROSE,3059,WEST,MONTROSE,-87.7056282,41.9609885,3059 WEST MONTROSE AVENUE,W,3059 W MONTROSE,,,,,,,2046017,12/1/2006 10:40,9514409,IL,PAS,964070,SNOW ROUTE: 2' OF SNOW OR MORE,17,NISS,30,TRUE,12/1/2006 10:40,41.9609885,-87.7056282
3043 W MONTROSE,3043,WEST,MONTROSE,-87.7050547,41.961041,3043 WEST MONTROSE AVENUE,W,3043 W MONTROSE,,,,,,,2046018,12/1/2006 10:40,4481824,IL,PAS,964070,SNOW ROUTE: 2' OF SNOW OR MORE,17,FORD,30,TRUE,12/1/2006 10:40,41.961041,-87.7050547
30311 W MONTROSE,,,,,,,,,0.71,GoogleV3,41.9608295,-87.7385996,30311 W MONTROSE,"W Montrose Ave, Chicago, IL, USA",2046019,12/1/2006 10:45,6369683,IL,PAS,964070,SNOW ROUTE: 2' OF SNOW OR MORE,17,TOYT,30,TRUE,12/1/2006 10:45,41.9608295,-87.7385996
2859 W MONTROSE,2859,WEST,MONTROSE,-87.7007668,41.9609707,2859 WEST MONTROSE AVENUE,W,2859 W MONTROSE,,,,,,,2046020,12/1/2006 10:15,7648159,IL,PAS,964070,SNOW ROUTE: 2' OF SNOW OR MORE,17,OLDS,30,TRUE,12/1/2006 10:15,41.9609707,-87.7007668
2840 W MONTROSE,,,,,,,,,0.759,dstk,41.961315,-87.699822,2840 W MONTROSE,2840 W Montrose Ave,2046021,12/1/2006 10:55,9778982,IL,PAS,964070,SNOW ROUTE: 2' OF SNOW OR MORE,17,NISS,30,TRUE,12/1/2006 10:55,41.961315,-87.699822
2835 W MONTROSE,,,,,,,,,0.759,dstk,41.961165,-87.69974,2835 W MONTROSE,2835 W Montrose Ave,2046022,12/1/2006 11:00,1793524,IL,PAS,964070,SNOW ROUTE: 2' OF SNOW OR MORE,17,SATR,30,TRUE,12/1/2006 11:00,41.961165,-87.69974
3925 N ELSTON,3925,NORTH,ELSTON,-87.7170047,41.9525778,3925 NORTH ELSTON AVENUE,N,3925 N ELSTON,,,,,,,2046200,12/1/2006 10:24,DL3880G,IL,DLC,964070,SNOW ROUTE: 2' OF SNOW OR MORE,17,HOND,30,TRUE,12/1/2006 10:24,41.9525778,-87.7170047
3927 N ELSTON,3927,NORTH,ELSTON,-87.7171132,41.9526022,3927 NORTH ELSTON AVENUE,N,3927 N ELSTON,,,,,,,2046201,12/1/2006 10:29,8919980,IL,PAS,964070,SNOW ROUTE: 2' OF SNOW OR MORE,17,VOLK,30,TRUE,12/1/2006 10:29,41.9526022,-87.7171132
3929 N ELSTON,3929,NORTH,ELSTON,-87.7172346,41.9525716,3929 NORTH ELSTON AVENUE,N,3929 N ELSTON,,,,,,,2046202,12/1/2006 10:31,3375662,IL,PAS,964070,SNOW ROUTE: 2' OF SNOW OR MORE,17,NISS,30,TRUE,12/1/2006 10:31,41.9525716,-87.7172346
3933 N .ELSTON,,,,,,,,,0.75,dstk,41.952733,-87.717583,3933 N .ELSTON,3933 N Elston Ave,2046203,12/1/2006 10:34,8096051,IL,PAS,964070,SNOW ROUTE: 2' OF SNOW OR MORE,17,CHEV,30,TRUE,12/1/2006 10:34,41.952733,-87.717583
5915 N MILWAUKEE,5915,NORTH,MILWAUKEE,-87.7797483,41.9891977,5915 NORTH MILWAUKEE AVENUE,N,5915 N MILWAUKEE,,,,,,,2046890,12/1/2006 15:25,9799290,IL,PAS,964070,SNOW ROUTE: 2' OF SNOW OR MORE,16,OLDS,30,TRUE,12/1/2006 15:25,41.9891977,-87.7797483
10616 S AVE O,,,,,,,,,0.85,dstk,41.702254,-87.540169,10616 S AVE O,10616 S Ave O,2048233,12/1/2006 6:04,7255620,IL,PAS,964070,SNOW ROUTE: 2' OF SNOW OR MORE,4,CHEV,30,TRUE,12/1/2006 6:04,41.702254,-87.540169
10628 S AVE O,,,,,,,,,0.85,dstk,41.702062,-87.540168,10628 S AVE O,10628 S Ave O,2048235,12/1/2006 5:12,L229693,IL,PAS,964070,SNOW ROUTE: 2' OF SNOW OR MORE,4,BUIC,30,TRUE,12/1/2006 5:12,41.702062,-87.540168
10655 S AVE O,,,,,,,,,0.85,dstk,41.701648,-87.540017,10655 S AVE O,10655 S Ave O,2048236,12/1/2006 5:24,9433138,IL,PAS,964070,SNOW ROUTE: 2' OF SNOW OR MORE,4,CHEV,30,TRUE,12/1/2006 5:24,41.701648,-87.540017
10645 S AVE O,,,,,,,,,0.85,dstk,41.701807,-87.540018,10645 S AVE O,10645 S Ave O,2048237,12/1/2006 5:26,6473446,IL,PAS,964070,SNOW ROUTE: 2' OF SNOW OR MORE,4,MERC,30,TRUE,12/1/2006 5:26,41.701807,-87.540018
10633 S AVE O,,,,,,,,,0.85,dstk,41.701999,-87.540018,10633 S AVE O,10633 S Ave O,2048239,12/1/2006 5:32,SKNDLS1,IL,PAS,964070,SNOW ROUTE: 2' OF SNOW OR MORE,4,SCIO,30,TRUE,12/1/2006 5:32,41.701999,-87.540018
10617 S AVE O,,,,,,,,,0.85,dstk,41.702254,-87.540019,10617 S AVE O,10617 S Ave O,2048240,12/1/2006 5:35,8572458,IL,PAS,964070,SNOW ROUTE: 2' OF SNOW OR MORE,4,MERC,30,TRUE,12/1/2006 5:35,41.702254,-87.540019
2021 S WESTERN,2021,SOUTH,WESTERN,-87.6853121,41.8541188,2021 SOUTH WESTERN AVENUE,S,2021 S WESTERN,,,,,,,2052942,12/1/2006 21:05,5008534,IL,PAS,964070,SNOW ROUTE: 2' OF SNOW OR MORE,12,PONT,30,TRUE,12/1/2006 21:05,41.8541188,-87.6853121
1947 S WESTERN,,,,,,,,,0.755,dstk,41.855282,-87.685652,1947 S WESTERN,1947 S Western Ave,2052943,12/1/2006 21:08,9227827,IL,PAS,964070,SNOW ROUTE: 2' OF SNOW OR MORE,12,CHEV,30,TRUE,12/1/2006 21:08,41.855282,-87.685652
7920 S ASHLAND,7920,SOUTH,ASHLAND,-87.6637614,41.7496829,7920 SOUTH ASHLAND AVENUE,S,7920 S ASHLAND,,,,,,,2057654,12/2/2006 4:03,9852116,IL,PAS,964070,SNOW ROUTE: 2' OF SNOW OR MORE,6,OLDS,30,TRUE,12/2/2006 4:03,41.7496829,-87.6637614
7918 S ASHLAND,7918,SOUTH,ASHLAND,-87.6637607,41.7497476,7918 SOUTH ASHLAND AVENUE,S,7918 S ASHLAND,,,,,,,2057655,12/2/2006 4:08,2120250,IL,PAS,964070,SNOW ROUTE: 2' OF SNOW OR MORE,6,CADI,30,TRUE,12/2/2006 4:08,41.7497476,-87.6637607
8010 S ASHLAND,8010,SOUTH,ASHLAND,-87.6636874,41.7481069,8010 SOUTH ASHLAND AVENUE,S,8010 S ASHLAND,,,,,,,2057656,12/2/2006 4:16,198H918,IL,TMP,964070,SNOW ROUTE: 2' OF SNOW OR MORE,6,BUIC,30,TRUE,12/2/2006 4:16,41.7481069,-87.6636874
8030 S ASHLAND,8030,SOUTH,ASHLAND,-87.6636707,41.7474767,8030 SOUTH ASHLAND AVENUE,S,8030 S ASHLAND,,,,,,,2057657,12/2/2006 4:21,6521478,IL,PAS,964070,SNOW ROUTE: 2' OF SNOW OR MORE,6,NISS,30,TRUE,12/2/2006 4:21,41.7474767,-87.6636707
8030 S ASHLAND,8030,SOUTH,ASHLAND,-87.6636707,41.7474767,8030 SOUTH ASHLAND AVENUE,S,8030 S ASHLAND,,,,,,,2057658,12/2/2006 4:25,9389809,IL,PAS,964070,SNOW ROUTE: 2' OF SNOW OR MORE,6,FORD,30,TRUE,12/2/2006 4:25,41.7474767,-87.6636707
4313 W 67TH ST,,,,,,,,,0.808,dstk,41.771205,-87.730311,4313 W 67TH ST,4313 W 67th St,2058821,12/2/2006 16:15,5300144,IL,PAS,964070,SNOW ROUTE: 2' OF SNOW OR MORE,8,OLDS,30,TRUE,12/2/2006 16:15,41.771205,-87.730311
2755 W CERMAK,2755,WEST,CERMAK,-87.6950919,41.8516355,2755 WEST CERMAK ROAD,W,2755 W CERMAK,,,,,,,2059858,12/4/2006 5:14,8505703,IL,PAS,964070,SNOW ROUTE: 2' OF SNOW OR MORE,10,CHEV,30,TRUE,12/4/2006 5:14,41.8516355,-87.6950919
2743 W CERMAK,2743,WEST,CERMAK,-87.6947172,41.8516676,2743 WEST CERMAK ROAD,W,2743 W CERMAK,,,,,,,2059859,12/4/2006 5:17,8534375,IL,PAS,964070,SNOW ROUTE: 2' OF SNOW OR MORE,10,FORD,30,TRUE,12/4/2006 5:17,41.8516676,-87.6947172
2733 W CERMAK RD,,,,,,,,,0.841,dstk,41.851842,-87.694235,2733 W CERMAK RD,2733 W Cermak Rd,2059860,12/4/2006 9:19,756JNC,WI,PAS,964070,SNOW ROUTE: 2' OF SNOW OR MORE,10,DODG,30,TRUE,12/4/2006 9:19,41.851842,-87.694235
2729 W CERMAK,2729,WEST,CERMAK,-87.6942195,41.8517246,2729 WEST CERMAK ROAD,W,2729 W CERMAK,,,,,,,2059861,12/4/2006 5:21,881G376,IL,TMP,964070,SNOW ROUTE: 2' OF SNOW OR MORE,10,CHEV,30,TRUE,12/4/2006 5:21,41.8517246,-87.6942195
2727 W CERMAK,2727,WEST,CERMAK,-87.6941212,41.851673,2727 WEST CERMAK ROAD,W,2727 W CERMAK,,,,,,,2059862,12/7/2006 5:24,8452260,IL,PAS,964070,SNOW ROUTE: 2' OF SNOW OR MORE,10,CHEV,30,TRUE,12/7/2006 5:24,41.851673,-87.6941212
2711 W CERMAK,2711,WEST,CERMAK,-87.6935454,41.8517358,2711 WEST CERMAK ROAD,W,2711 W CERMAK,,,,,,,2059863,12/4/2006 5:27,9169221,IL,PAS,964070,SNOW ROUTE: 2' OF SNOW OR MORE,10,CHEV,30,TRUE,12/4/2006 5:27,41.8517358,-87.6935454
2711 W CERMAK,2711,WEST,CERMAK,-87.6935454,41.8517358,2711 WEST CERMAK ROAD,W,2711 W CERMAK,,,,,,,2059864,12/4/2006 5:28,3192407,IL,PAS,964070,SNOW ROUTE: 2' OF SNOW OR MORE,10,PONT,30,TRUE,12/4/2006 5:28,41.8517358,-87.6935454
2709 W CERMAK,2709,WEST,CERMAK,-87.6934484,41.8516579,2709 WEST CERMAK ROAD,W,2709 W CERMAK,,,,,,,2059865,12/4/2006 5:30,9396640,IL,PAS,964070,SNOW ROUTE: 2' OF SNOW OR MORE,10,GEO,30,TRUE,12/4/2006 5:30,41.8516579,-87.6934484
2703 W CERMAK,2703,WEST,CERMAK,-87.6932479,41.8517555,2703 WEST CERMAK ROAD,W,2703 W CERMAK,,,,,,,2059866,12/4/2006 5:37,6414552,IL,PAS,964070,SNOW ROUTE: 2' OF SNOW OR MORE,10,FORD,30,TRUE,12/4/2006 5:37,41.8517555,-87.6932479
2701 W CERMAK,2701,WEST,CERMAK,-87.6931508,41.8517376,2701 WEST CERMAK ROAD,W,2701 W CERMAK,,,,,,,2059867,12/4/2006 5:32,F797098,IL,PAS,964070,SNOW ROUTE: 2' OF SNOW OR MORE,10,TOYT,30,TRUE,12/4/2006 5:32,41.8517376,-87.6931508
3141 E CERMAK RD,,,,,,,,,0.75,Bing,41.851512,-87.70446,3141 E CERMAK RD,"3141 W Cermak Rd, Chicago, IL 60623, United States",2059877,12/5/2006 2:40,6812246,IL,PAS,964070,SNOW ROUTE: 2' OF SNOW OR MORE,10,HOND,30,TRUE,12/5/2006 2:40,41.851512,-87.70446
3119 W CERMAK RD,,,,,,,,,0.841,dstk,41.851712,-87.703385,3119 W CERMAK RD,3119 W Cermak Rd,2059878,12/5/2006 2:40,6536598,IL,PAS,964070,SNOW ROUTE: 2' OF SNOW OR MORE,10,CHEV,30,TRUE,12/5/2006 2:40,41.851712,-87.703385
3113 W CERMAK RD,,,,,,,,,0.841,dstk,41.851716,-87.703214,3113 W CERMAK RD,3113 W Cermak Rd,2059879,12/5/2006 2:40,8016207,IL,PAS,964070,SNOW ROUTE: 2' OF SNOW OR MORE,10,CHEV,30,TRUE,12/5/2006 2:40,41.851716,-87.703214
3059 W CERMAK RD,,,,,,,,,0.841,dstk,41.851733,-87.702018,3059 W CERMAK RD,3059 W Cermak Rd,2059880,12/5/2006 2:45,7313742,IL,PAS,964070,SNOW ROUTE: 2' OF SNOW OR MORE,10,GMC,30,TRUE,12/5/2006 2:45,41.851733,-87.702018
3051 W CERMAK RD,,,,,,,,,0.841,dstk,41.851736,-87.70191,3051 W CERMAK RD,3051 W Cermak Rd,2059881,12/5/2006 2:45,6588634,IL,PAS,964070,SNOW ROUTE: 2' OF SNOW OR MORE,10,CHEV,30,TRUE,12/5/2006 2:45,41.851736,-87.70191
3843 W 63RD STREET,,,,,,,,,0.789,dstk,41.778642,-87.718761,3843 W 63RD STREET,3843 W 63rd St,2063145,12/1/2006 8:00,44061FF,IL,FFM,964070,SNOW ROUTE: 2' OF SNOW OR MORE,8,CHEV,30,TRUE,12/1/2006 8:00,41.778642,-87.718761
3839 W 63RD STREET,,,,,,,,,0.789,dstk,41.778644,-87.718686,3839 W 63RD STREET,3839 W 63rd St,2063146,12/1/2006 8:05,6927329,IL,PAS,964070,SNOW ROUTE: 2' OF SNOW OR MORE,8,FORD,30,TRUE,12/1/2006 8:05,41.778644,-87.718686
4250 W 63RD ST,,,,,,,,,0.808,dstk,41.778654,-87.729171,4250 W 63RD ST,4250 W 63rd St,2063683,12/5/2006 23:52,4972350,IL,PAS,964070,SNOW ROUTE: 2' OF SNOW OR MORE,8,SAAB,30,TRUE,12/5/2006 23:52,41.778654,-87.729171
9810 S COTTAGE GROVE,,,,,,,,,0.75,Bing,41.71624258,-87.60457948,9810 S COTTAGE GROVE,"9810 S Cottage Grove Ave, Chicago, IL 60628, United States",2069318,12/2/2006 0:10,7086855,IL,PAS,964070,SNOW ROUTE: 2' OF SNOW OR MORE,5,BUIC,30,TRUE,12/2/2006 0:10,41.7162425816,-87.6045794785
1505 S KEDZIE,1505,SOUTH,KEDZIE,-87.7053137,41.8610505,1505 SOUTH KEDZIE AVENUE,S,1505 S KEDZIE,,,,,,,2070515,12/7/2006 4:36,T166484,IL,PAS,964070,SNOW ROUTE: 2' OF SNOW OR MORE,10,CHEV,30,TRUE,12/7/2006 4:36,41.8610505,-87.7053137
1609 N .LARRABEE,,,,,,,,,0.775,dstk,41.911165,-87.643358,1609 N .LARRABEE,1609 N Larrabee St,2070955,12/1/2006 11:13,T651145,IL,PAS,964070,SNOW ROUTE: 2' OF SNOW OR MORE,18,HOND,30,TRUE,12/1/2006 11:13,41.911165,-87.643358
1531 N .LARRABEE,,,,,,,,,0.775,dstk,41.91019,-87.643406,1531 N .LARRABEE,1531 N Larrabee St,2070956,12/1/2006 11:16,7127507,IL,PAS,964070,SNOW ROUTE: 2' OF SNOW OR MORE,18,DODG,30,TRUE,12/1/2006 11:16,41.91019,-87.643406
7952 S ASHLAND,7952,SOUTH,ASHLAND,-87.6637745,41.7487851,7952 SOUTH ASHLAND AVENUE,S,7952 S ASHLAND,,,,,,,2075517,12/2/2006 4:12,C733870,IL,PAS,964070,SNOW ROUTE: 2' OF SNOW OR MORE,6,DODG,30,TRUE,12/2/2006 4:12,41.7487851,-87.6637745
6819 S RACINE,6819,SOUTH,RACINE,-87.653922,41.7699237,6819 SOUTH RACINE AVENUE,S,6819 S RACINE,,,,,,,2083260,12/1/2006 7:35,8584644,IL,PAS,964070,SNOW ROUTE: 2' OF SNOW OR MORE,7,FORD,30,TRUE,12/1/2006 7:35,41.7699237,-87.653922
5839 S DAMEN,,,,,,,,,0.75,Bing,41.78728759,-87.67406411,5839 S DAMEN,"5839 S Damen Ave, Chicago, IL 60636, United States",2083263,12/2/2006 2:35,6310101,IL,PAS,964070,SNOW ROUTE: 2' OF SNOW OR MORE,7,BUIC,30,TRUE,12/2/2006 2:35,41.7872875929,-87.6740641147
5835 S DAMEN,,,,,,,,,0.75,Bing,41.78732179,-87.67406546,5835 S DAMEN,"5835 S Damen Ave, Chicago, IL 60636, United States",2083264,12/2/2006 2:40,9418076,IL,PAS,964070,SNOW ROUTE: 2' OF SNOW OR MORE,7,CHRY,30,TRUE,12/2/2006 2:40,41.7873217911,-87.6740654558
5910 S ASHLAND AVE,,,,,,,,,0.837,dstk,41.786559,-87.664465,5910 S ASHLAND AVE,5910 S Ashland Ave,2083304,12/1/2006 7:10,7321426,IL,PAS,964070,SNOW ROUTE: 2' OF SNOW OR MORE,7,CHRY,30,TRUE,12/1/2006 7:10,41.786559,-87.664465
6600 S DAMEN,,,,,,,,,0.75,Bing,41.77374244,-87.67381802,6600 S DAMEN,"6600 S Damen Ave, Chicago, IL 60636, United States",2083815,12/1/2006 6:48,8588925,IL,PAS,964070,SNOW ROUTE: 2' OF SNOW OR MORE,7,MERC,30,TRUE,12/1/2006 6:48,41.7737424374,-87.673818022
6600 S DAMEN,,,,,,,,,0.75,Bing,41.77374244,-87.67381802,6600 S DAMEN,"6600 S Damen Ave, Chicago, IL 60636, United States",2825223,12/1/2006 6:40,4903465,IL,PAS,964070,SNOW ROUTE: 2' OF SNOW OR MORE,7,DODG,30,TRUE,12/1/2006 6:40,41.7737424374,-87.673818022
6616 S DAMEN,6616,SOUTH,DAMEN,-87.6739958,41.7733469,6616 SOUTH DAMEN AVENUE,S,6616 S DAMEN,,,,,,,2083860,12/1/2006 6:52,3557426,IL,PAS,964070,SNOW ROUTE: 2' OF SNOW OR MORE,7,FORD,30,TRUE,12/1/2006 6:52,41.7733469,-87.6739958
6628 S DAMEN,,,,,,,,,0.75,Bing,41.77301788,-87.67409515,6628 S DAMEN,"6628 S Damen Ave, Chicago, IL 60636, United States",2083861,12/1/2006 6:54,2523193,IL,PAS,964070,SNOW ROUTE: 2' OF SNOW OR MORE,7,FORD,30,TRUE,12/1/2006 6:54,41.7730178833,-87.6740951538
6643 S DAMEN,,,,,,,,,0.75,Bing,41.77263133,-87.67367519,6643 S DAMEN,"6643 S Damen Ave, Chicago, IL 60636, United States",2083862,12/1/2006 6:58,7959900,IL,PAS,964070,SNOW ROUTE: 2' OF SNOW OR MORE,7,PLYM,30,TRUE,12/1/2006 6:58,41.7726313323,-87.6736751944
6637 S DAMEN,6637,SOUTH,DAMEN,-87.67346,41.7727593,6637 SOUTH DAMEN AVENUE,S,6637 S DAMEN,,,,,,,2083863,12/1/2006 7:01,4850388,IL,PAS,964070,SNOW ROUTE: 2' OF SNOW OR MORE,7,GMC,30,TRUE,12/1/2006 7:01,41.7727593,-87.67346
6517 S DAMEN,6517,SOUTH,DAMEN,-87.6733399,41.7751777,6517 SOUTH DAMEN AVENUE,S,6517 S DAMEN,,,,,,,2083864,12/1/2006 7:06,2613911,IL,PAS,964070,SNOW ROUTE: 2' OF SNOW OR MORE,7,FORD,30,TRUE,12/1/2006 7:06,41.7751777,-87.6733399
6513 S DAMEN,6513,SOUTH,DAMEN,-87.6735163,41.7752413,6513 SOUTH DAMEN AVENUE,S,6513 S DAMEN,,,,,,,2083865,12/1/2006 7:08,6254452,IL,PAS,964070,SNOW ROUTE: 2' OF SNOW OR MORE,7,CHRY,30,TRUE,12/1/2006 7:08,41.7752413,-87.6735163
6449 S DAMEN,6449,SOUTH,DAMEN,-87.6735721,41.7760414,6449 SOUTH DAMEN AVENUE,S,6449 S DAMEN,,,,,,,2083866,12/1/2006 7:12,9853071,IL,PAS,964070,SNOW ROUTE: 2' OF SNOW OR MORE,7,TOYT,30,TRUE,12/1/2006 7:12,41.7760414,-87.6735721
6451 S DAMEN,,,,,,,,,0.75,Bing,41.77659027,-87.67376907,6451 S DAMEN,"6451 S Damen Ave, Chicago, IL 60636, United States",2083867,12/1/2006 7:14,7601432,IL,PAS,964070,SNOW ROUTE: 2' OF SNOW OR MORE,7,OLDS,30,TRUE,12/1/2006 7:14,41.7765902728,-87.6737690717
6437 S DAMEN,6437,SOUTH,DAMEN,-87.6735768,41.77639,6437 SOUTH DAMEN AVENUE,S,6437 S DAMEN,,,,,,,2083868,12/1/2006 7:17,164154,IL,HCP,964070,SNOW ROUTE: 2' OF SNOW OR MORE,7,FORD,30,TRUE,12/1/2006 7:17,41.77639,-87.6735768
6425 S DAMEN,6425,SOUTH,DAMEN,-87.6735868,41.7767569,6425 SOUTH DAMEN AVENUE,S,6425 S DAMEN,,,,,,,2083869,12/1/2006 7:21,T442857,IL,PAS,964070,SNOW ROUTE: 2' OF SNOW OR MORE,7,CHEV,30,TRUE,12/1/2006 7:21,41.7767569,-87.6735868
5910 S ASHLAND,,,,,,,,,0.755,dstk,41.786559,-87.664465,5910 S ASHLAND,5910 S Ashland Ave,2085309,12/1/2006 7:14,9029666,IL,PAS,964070,SNOW ROUTE: 2' OF SNOW OR MORE,7,FORD,30,TRUE,12/1/2006 7:14,41.786559,-87.664465
7047 S RACINE,,,,,,,,,0.75,dstk,41.766021,-87.654068,7047 S RACINE,7047 S Racine Ave,2085310,12/1/2006 7:32,5849254,IL,PAS,964070,SNOW ROUTE: 2' OF SNOW OR MORE,7,DODG,30,TRUE,12/1/2006 7:32,41.766021,-87.654068
7018 S RACINE,,,,,,,,,0.75,dstk,41.766536,-87.65423,7018 S RACINE,7018 S Racine Ave,2085311,12/1/2006 7:36,9321342,IL,PAS,964070,SNOW ROUTE: 2' OF SNOW OR MORE,7,CHEV,30,TRUE,12/1/2006 7:36,41.766536,-87.65423
2012 W 71ST ST,,,,,,,,,0.808,dstk,41.764877,-87.673982,2012 W 71ST ST,2012 W 71st St,2085324,12/1/2006 10:18,7085126,IL,PAS,964070,SNOW ROUTE: 2' OF SNOW OR MORE,7,CHEV,30,TRUE,12/1/2006 10:18,41.764877,-87.673982
2014 W 71ST ST,,,,,,,,,0.808,dstk,41.764876,-87.674047,2014 W 71ST ST,2014 W 71st St,2085325,12/1/2006 10:22,9879855,IL,PAS,964070,SNOW ROUTE: 2' OF SNOW OR MORE,7,JEEP,30,TRUE,12/1/2006 10:22,41.764876,-87.674047
2018 W 71ST ST,,,,,,,,,0.808,dstk,41.764876,-87.674176,2018 W 71ST ST,2018 W 71st St,2085326,12/1/2006 10:25,C550400,IL,PAS,964070,SNOW ROUTE: 2' OF SNOW OR MORE,7,CHEV,30,TRUE,12/1/2006 10:25,41.764876,-87.674176
2132 W 71ST ST,,,,,,,,,0.808,dstk,41.764844,-87.677102,2132 W 71ST ST,2132 W 71st St,2085327,12/1/2006 10:28,8359758,IL,PAS,964070,SNOW ROUTE: 2' OF SNOW OR MORE,7,FORD,30,TRUE,12/1/2006 10:28,41.764844,-87.677102
2120 W 71ST ST,,,,,,,,,0.808,dstk,41.764847,-87.676648,2120 W 71ST ST,2120 W 71st St,2085328,12/1/2006 10:33,45Y2535,IL,PAS,964070,SNOW ROUTE: 2' OF SNOW OR MORE,7,CHEV,30,TRUE,12/1/2006 10:33,41.764847,-87.676648
2113 W 71ST ST,,,,,,,,,0.808,dstk,41.764702,-87.676393,2113 W 71ST ST,2113 W 71st St,2085329,12/1/2006 10:37,7192543,IL,PAS,964070,SNOW ROUTE: 2' OF SNOW OR MORE,7,NISS,30,TRUE,12/1/2006 10:37,41.764702,-87.676393
2105 W 71ST ST,,,,,,,,,0.808,dstk,41.764706,-87.676084,2105 W 71ST ST,2105 W 71st St,2085331,12/1/2006 10:44,6604111,IL,PAS,964070,SNOW ROUTE: 2' OF SNOW OR MORE,7,FORD,30,TRUE,12/1/2006 10:44,41.764706,-87.676084
7022 S RACINE,,,,,,,,,0.75,dstk,41.766462,-87.654226,7022 S RACINE,7022 S Racine Ave,2085333,12/1/2006 7:30,4852217,IL,PAS,964070,SNOW ROUTE: 2' OF SNOW OR MORE,7,OLDS,30,TRUE,12/1/2006 7:30,41.766462,-87.654226
6252 S RACINE,,,,,,,,,0.75,dstk,41.780442,-87.654601,6252 S RACINE,6252 S Racine Ave,2085334,12/1/2006 7:53,4540010,IL,PAS,964070,SNOW ROUTE: 2' OF SNOW OR MORE,7,TOYT,30,TRUE,12/1/2006 7:53,41.780442,-87.654601
7236 S DAMEN,,,,,,,,,0.75,Bing,41.76189579,-87.67352365,7236 S DAMEN,"7236 S Damen Ave, Chicago, IL 60636, United States",2087647,12/1/2006 17:11,5838429,IL,PAS,964070,SNOW ROUTE: 2' OF SNOW OR MORE,7,DODG,30,TRUE,12/1/2006 17:11,41.7618957907,-87.6735236496
6416 S DAMEN,,,,,,,,,0.75,Bing,41.77712135,-87.67390788,6416 S DAMEN,"6416 S Damen Ave, Chicago, IL 60636, United States",2087721,12/1/2006 7:44,9844301,IL,PAS,964070,SNOW ROUTE: 2' OF SNOW OR MORE,7,GMC,30,TRUE,12/1/2006 7:44,41.7771213502,-87.673907876
6426 S DAMEN,6426,SOUTH,DAMEN,-87.674098,41.7766825,6426 SOUTH DAMEN AVENUE,S,6426 S DAMEN,,,,,,,2087722,12/1/2006 7:52,,IL,PAS,964070,SNOW ROUTE: 2' OF SNOW OR MORE,7,FORD,30,TRUE,12/1/2006 7:52,41.7766825,-87.674098
6426 S DAMEN,6426,SOUTH,DAMEN,-87.674098,41.7766825,6426 SOUTH DAMEN AVENUE,S,6426 S DAMEN,,,,,,,2087724,12/1/2006 7:55,3520556,IL,PAS,964070,SNOW ROUTE: 2' OF SNOW OR MORE,7,OLDS,30,TRUE,12/1/2006 7:55,41.7766825,-87.674098
6424 S DAMEN,6424,SOUTH,DAMEN,-87.6740982,41.776758,6424 SOUTH DAMEN AVENUE,S,6424 S DAMEN,,,,,,,2087723,12/1/2006 7:52,6244605,IL,PAS,964070,SNOW ROUTE: 2' OF SNOW OR MORE,7,FORD,30,TRUE,12/1/2006 7:52,41.776758,-87.6740982
6424 S DAMEN,6424,SOUTH,DAMEN,-87.6740982,41.776758,6424 SOUTH DAMEN AVENUE,S,6424 S DAMEN,,,,,,,2736726,12/1/2006 7:46,8628599,IL,PAS,964070,SNOW ROUTE: 2' OF SNOW OR MORE,7,CHEV,30,TRUE,12/1/2006 7:46,41.776758,-87.6740982
7227 S DAMEN,7227,SOUTH,DAMEN,-87.6731762,41.7621805,7227 SOUTH DAMEN AVENUE,S,7227 S DAMEN,,,,,,,2087725,12/1/2006 9:41,84804HB,IL,TRK,964070,SNOW ROUTE: 2' OF SNOW OR MORE,7,CHEV,30,TRUE,12/1/2006 9:41,41.7621805,-87.6731762
7120 S DAMEN,7120,SOUTH,DAMEN,-87.6738237,41.7641382,7120 SOUTH DAMEN AVENUE,S,7120 S DAMEN,,,,,,,2087726,12/1/2006 9:50,8581542,IL,PAS,964070,SNOW ROUTE: 2' OF SNOW OR MORE,7,PONT,30,TRUE,12/1/2006 9:50,41.7641382,-87.6738237
7156 S DAMEN,,,,,,,,,0.75,Bing,41.76361308,-87.67356589,7156 S DAMEN,"7156 S Damen Ave, Chicago, IL 60636, United States",2087727,12/1/2006 9:53,7192103,IL,PAS,964070,SNOW ROUTE: 2' OF SNOW OR MORE,7,FORD,30,TRUE,12/1/2006 9:53,41.763613075,-87.6735658944
7242 S DAMEN,,,,,,,,,0.75,Bing,41.76183879,-87.67352164,7242 S DAMEN,"7242 S Damen Ave, Chicago, IL 60636, United States",2087728,12/1/2006 9:55,5838429,IL,PAS,964070,SNOW ROUTE: 2' OF SNOW OR MORE,7,DODG,30,TRUE,12/1/2006 9:55,41.7618387938,-87.6735216379
7309 S DAMEN,,,,,,,,,0.75,Bing,41.76083967,-87.67337345,7309 S DAMEN,"7309 S Damen Ave, Chicago, IL 60636, United States",2087729,12/1/2006 9:57,8560359,IL,PAS,964070,SNOW ROUTE: 2' OF SNOW OR MORE,7,CADI,30,TRUE,12/1/2006 9:57,41.7608396709,-87.6733734459
7320 S DAMEN,,,,,,,,,0.75,Bing,41.76048279,-87.67377472,7320 S DAMEN,"7320 S Damen Ave, Chicago, IL 60636, United States",2087730,12/1/2006 10:00,557G911,IL,TMP,964070,SNOW ROUTE: 2' OF SNOW OR MORE,7,PONT,30,TRUE,12/1/2006 10:00,41.7604827881,-87.6737747192
7332 S DAMEN,7332,SOUTH,DAMEN,-87.6737083,41.7601493,7332 SOUTH DAMEN AVENUE,S,7332 S DAMEN,,,,,,,2087731,12/1/2006 10:11,F1070,IL,PAS,964070,SNOW ROUTE: 2' OF SNOW OR MORE,7,CHEV,30,TRUE,12/1/2006 10:11,41.7601493,-87.6737083
7334 S DAMEN,7334,SOUTH,DAMEN,-87.6737063,41.7600793,7334 SOUTH DAMEN AVENUE,S,7334 S DAMEN,,,,,,,2087732,12/1/2006 10:13,SHRELL,IL,PAS,964070,SNOW ROUTE: 2' OF SNOW OR MORE,7,CHEV,30,TRUE,12/1/2006 10:13,41.7600793,-87.6737063
7348 S DAMEN,7348,SOUTH,DAMEN,-87.6737007,41.7597356,7348 SOUTH DAMEN AVENUE,S,7348 S DAMEN,,,,,,,2087733,12/1/2006 10:27,3859447,IL,PAS,964070,SNOW ROUTE: 2' OF SNOW OR MORE,7,DODG,30,TRUE,12/1/2006 10:27,41.7597356,-87.6737007
2511 N MILWAUKEE,2511,NORTH,MILWAUKEE,-87.7038157,41.9271215,2511 NORTH MILWAUKEE AVENUE,N,2511 N MILWAUKEE,,,,,,,2096317,12/13/2006 3:06,8086104,IL,PAS,964070,SNOW ROUTE: 2' OF SNOW OR MORE,14,FORD,30,TRUE,12/13/2006 3:06,41.9271215,-87.7038157
2511 N MILWAUKEE,2511,NORTH,MILWAUKEE,-87.7038157,41.9271215,2511 NORTH MILWAUKEE AVENUE,N,2511 N MILWAUKEE,,,,,,,2383583,12/13/2006 3:07,3361386,IL,PAS,964070,SNOW ROUTE: 2' OF SNOW OR MORE,14,MAZD,30,TRUE,12/13/2006 3:07,41.9271215,-87.7038157
2513 N MILWAUKEE,,,,,,,,,0.763,dstk,41.926981,-87.703775,2513 N MILWAUKEE,2513 N Milwaukee Ave,2096318,12/13/2006 3:09,394KPD,WI,PAS,964070,SNOW ROUTE: 2' OF SNOW OR MORE,14,FORD,30,TRUE,12/13/2006 3:09,41.926981,-87.703775
2532 N MILWAUKEE,,,,,,,,,0.763,dstk,41.92703,-87.70407,2532 N MILWAUKEE,2532 N Milwaukee Ave,2096319,12/13/2006 3:11,G113862,IL,PAS,964070,SNOW ROUTE: 2' OF SNOW OR MORE,14,DODG,30,TRUE,12/13/2006 3:11,41.92703,-87.70407
2532 N MILWAUKEE,,,,,,,,,0.763,dstk,41.92703,-87.70407,2532 N MILWAUKEE,2532 N Milwaukee Ave,2096320,12/13/2006 3:13,9412635,IL,PAS,964070,SNOW ROUTE: 2' OF SNOW OR MORE,14,GEO,30,TRUE,12/13/2006 3:13,41.92703,-87.70407
2425 N MILWAUKEE,,,,,,,,,0.763,dstk,41.925411,-87.701282,2425 N MILWAUKEE,2425 N Milwaukee Ave,2096321,12/13/2006 3:17,6327237,IL,PAS,964070,SNOW ROUTE: 2' OF SNOW OR MORE,14,CHEV,30,TRUE,12/13/2006 3:17,41.925411,-87.701282
5026 W DIVISION,5026,WEST,DIVISION,-87.7519885,41.9024813,5026 WEST DIVISION STREET,W,5026 W DIVISION,,,,,,,2105413,12/11/2006 3:30,9405051,IL,PAS,964070,SNOW ROUTE: 2' OF SNOW OR MORE,25,FORD,30,TRUE,12/11/2006 3:30,41.9024813,-87.7519885
5030 W DIVISION,,,,,,,,,0.775,dstk,41.902288,-87.752099,5030 W DIVISION,5030 W Division St,2105414,12/11/2006 3:31,6731313,IL,PAS,964070,SNOW ROUTE: 2' OF SNOW OR MORE,25,NISS,30,TRUE,12/11/2006 3:31,41.902288,-87.752099
7336 S DAMEN,,,,,,,,,0.75,Bing,41.7599532,-87.67347537,7336 S DAMEN,"7336 S Damen Ave, Chicago, IL 60636, United States",2106342,12/1/2006 10:16,9305791,IL,PAS,964070,SNOW ROUTE: 2' OF SNOW OR MORE,7,PONT,30,TRUE,12/1/2006 10:16,41.7599532008,-87.6734753698
6604 S KEDZIE,6604,SOUTH,KEDZIE,-87.7032454,41.7732668,6604 SOUTH KEDZIE AVENUE,S,6604 S KEDZIE,,,,,,,2115081,12/10/2006 3:37,6488144,IL,PAS,964070,SNOW ROUTE: 2' OF SNOW OR MORE,8,CHEV,30,TRUE,12/10/2006 3:37,41.7732668,-87.7032454
6559 S KEDZIE,,,,,,,,,0.75,dstk,41.774253,-87.702952,6559 S KEDZIE,6559 S Kedzie Ave,2115082,12/10/2006 3:43,4192136,IL,PAS,964070,SNOW ROUTE: 2' OF SNOW OR MORE,8,NISS,30,TRUE,12/10/2006 3:43,41.774253,-87.702952
6553 S KEDZIE,6553,SOUTH,KEDZIE,-87.7027871,41.7737963,6553 SOUTH KEDZIE AVENUE,S,6553 S KEDZIE,,,,,,,2115083,12/10/2006 3:46,89114L,IL,PAS,964070,SNOW ROUTE: 2' OF SNOW OR MORE,8,CHEV,30,TRUE,12/10/2006 3:46,41.7737963,-87.7027871
6523 S KEDZIE,6523,SOUTH,KEDZIE,-87.7027721,41.7746441,6523 SOUTH KEDZIE AVENUE,S,6523 S KEDZIE,,,,,,,2115084,12/10/2006 3:46,3461181,IL,PAS,964070,SNOW ROUTE: 2' OF SNOW OR MORE,8,CHEV,30,TRUE,12/10/2006 3:46,41.7746441,-87.7027721
6515 S KEDZIE,,,,,,,,,0.75,dstk,41.775036,-87.70297,6515 S KEDZIE,6515 S Kedzie Ave,2115085,12/10/2006 3:51,8108384,IL,PAS,964070,SNOW ROUTE: 2' OF SNOW OR MORE,8,DODG,30,TRUE,12/10/2006 3:51,41.775036,-87.70297
6511 S KEDZIE,6511,SOUTH,KEDZIE,-87.7027694,41.7749312,6511 SOUTH KEDZIE AVENUE,S,6511 S KEDZIE,,,,,,,2115086,12/10/2006 3:51,185593D,IL,TRK,964070,SNOW ROUTE: 2' OF SNOW OR MORE,8,DODG,30,TRUE,12/10/2006 3:51,41.7749312,-87.7027694
6459 S KEDZIE,6459,SOUTH,KEDZIE,-87.7027996,41.7754298,6459 SOUTH KEDZIE AVENUE,S,6459 S KEDZIE,,,,,,,2115087,12/10/2006 3:52,9585426,IL,PAS,964070,SNOW ROUTE: 2' OF SNOW OR MORE,8,DODG,30,TRUE,12/10/2006 3:52,41.7754298,-87.7027996
6455 S KEDZIE,6455,SOUTH,KEDZIE,-87.7027994,41.7755163,6455 SOUTH KEDZIE AVENUE,S,6455 S KEDZIE,,,,,,,2115088,12/10/2006 3:55,7758545,IL,PAS,964070,SNOW ROUTE: 2' OF SNOW OR MORE,8,OLDS,30,TRUE,12/10/2006 3:55,41.7755163,-87.7027994
6455 S KEDZIE,6455,SOUTH,KEDZIE,-87.7027994,41.7755163,6455 SOUTH KEDZIE AVENUE,S,6455 S KEDZIE,,,,,,,2826447,12/10/2006 3:58,6585517,IL,PAS,964070,SNOW ROUTE: 2' OF SNOW OR MORE,8,GMC,30,TRUE,12/10/2006 3:58,41.7755163,-87.7027994
6451 S KEDZIE,6451,SOUTH,KEDZIE,-87.7027649,41.7755855,6451 SOUTH KEDZIE AVENUE,S,6451 S KEDZIE,,,,,,,2115089,12/10/2006 4:03,9469097,IL,PAS,964070,SNOW ROUTE: 2' OF SNOW OR MORE,8,NISS,30,TRUE,12/10/2006 4:03,41.7755855,-87.7027649
6449 S KEDZIE,6449,SOUTH,KEDZIE,-87.7027717,41.7756552,6449 SOUTH KEDZIE AVENUE,S,6449 S KEDZIE,,,,,,,2115090,12/10/2006 4:05,806G864,IL,PAS,964070,SNOW ROUTE: 2' OF SNOW OR MORE,8,DODG,30,TRUE,12/10/2006 4:05,41.7756552,-87.7027717
2845 W 79TH ST,,,,,,,,,0.808,dstk,41.749813,-87.694093,2845 W 79TH ST,2845 W 79th St,2116422,12/13/2006 3:07,5933995,IL,PAS,964070,SNOW ROUTE: 2' OF SNOW OR MORE,8,DODG,30,TRUE,12/13/2006 3:07,41.749813,-87.694093
7130 S KEDZIE,7130,SOUTH,KEDZIE,-87.7031025,41.7634375,7130 SOUTH KEDZIE AVENUE,S,7130 S KEDZIE,,,,,,,2116460,12/10/2006 4:37,8478980,IL,PAS,964070,SNOW ROUTE: 2' OF SNOW OR MORE,8,SCIO,30,TRUE,12/10/2006 4:37,41.7634375,-87.7031025
7142 S KEDZIE,7142,SOUTH,KEDZIE,-87.7030714,41.7630973,7142 SOUTH KEDZIE AVENUE,S,7142 S KEDZIE,,,,,,,2116461,12/10/2006 4:39,7646731,IL,PAS,964070,SNOW ROUTE: 2' OF SNOW OR MORE,8,CHEV,30,TRUE,12/10/2006 4:39,41.7630973,-87.7030714
1419 S KEDZIE,,,,,,,,,0.75,dstk,41.861929,-87.705541,1419 S KEDZIE,1419 S Kedzie Ave,2116462,12/10/2006 4:45,969441,IN,TMP,964070,SNOW ROUTE: 2' OF SNOW OR MORE,8,CHEV,30,TRUE,12/10/2006 4:45,41.861929,-87.705541
6337 S KEDZIE,6337,SOUTH,KEDZIE,-87.7026746,41.7778279,6337 SOUTH KEDZIE AVENUE,S,6337 S KEDZIE,,,,,,,2116463,12/10/2006 5:02,7101M1,IN,PAS,964070,SNOW ROUTE: 2' OF SNOW OR MORE,8,OLDS,30,TRUE,12/10/2006 5:02,41.7778279,-87.7026746
7328 S DAMEN,7328,SOUTH,DAMEN,-87.6737124,41.7602855,7328 SOUTH DAMEN AVENUE,S,7328 S DAMEN,,,,,,,2159427,12/1/2006 10:02,7090128,IL,PAS,964070,SNOW ROUTE: 2' OF SNOW OR MORE,7,FORD,30,TRUE,12/1/2006 10:02,41.7602855,-87.6737124
1431 W GRAND AVE,,,,,,,,,0.841,dstk,41.890942,-87.663099,1431 W GRAND AVE,1431 W Grand Ave,2209119,12/1/2006 8:05,5870170,IL,PAS,964070,SNOW ROUTE: 2' OF SNOW OR MORE,13,HYUN,30,TRUE,12/1/2006 8:05,41.890942,-87.663099
1331 W GRAND AVE,,,,,,,,,0.841,dstk,41.890983,-87.659189,1331 W GRAND AVE,1331 W Grand Ave,2209120,12/1/2006 8:09,6325183,IL,PAS,964070,SNOW ROUTE: 2' OF SNOW OR MORE,13,PLYM,30,TRUE,12/1/2006 8:09,41.890983,-87.659189
2311 W ADDISON,,,,,,,,,0.772,dstk,41.946686,-87.686214,2311 W ADDISON,2311 W Addison St,2209131,2/16/2006 16:50,747JTG,TX,PAS,964070,SNOW ROUTE: 2' OF SNOW OR MORE,19,KIA,30,TRUE,2/16/2006 16:50,41.946686,-87.686214
3715 W 16TH ST,,,,,,,,,0.808,dstk,41.858938,-87.718271,3715 W 16TH ST,3715 W 16th St,2209162,12/14/2006 1:09,721G644,IL,TMP,964070,SNOW ROUTE: 2' OF SNOW OR MORE,10,PLYM,30,TRUE,12/14/2006 1:09,41.858938,-87.718271
1152 N MILWAUKEE,1152,NORTH,MILWAUKEE,-87.6655495,41.9025463,1152 NORTH MILWAUKEE AVENUE,N,1152 N MILWAUKEE,,,,,,,2221534,2/14/2006 3:12,8491023,IL,PAS,964070,SNOW ROUTE: 2' OF SNOW OR MORE,13,MERZ,30,TRUE,2/14/2006 3:12,41.9025463,-87.6655495
10655 S AVENUE O,10655,SOUTH,AVENUE O,-87.539784,41.70116,10655 SOUTH AVENUE O,S,10655 S AVENUE O,,,,,,,2293124,12/1/2006 5:26,6350171,IL,PAS,964070,SNOW ROUTE: 2' OF SNOW OR MORE,4,FORD,30,TRUE,12/1/2006 5:26,41.70116,-87.539784
2838 W MONTROSE,,,,,,,,,0.759,dstk,41.961315,-87.699795,2838 W MONTROSE,2838 W Montrose Ave,2293149,12/1/2006 10:55,5581902,IL,PAS,964070,SNOW ROUTE: 2' OF SNOW OR MORE,17,CHEV,30,TRUE,12/1/2006 10:55,41.961315,-87.699795
1365 W GRAND AVE,,,,,,,,,0.841,dstk,41.891044,-87.660776,1365 W GRAND AVE,1365 W Grand Ave,2299683,12/1/2006 8:07,8017447,IL,PAS,964070,SNOW ROUTE: 2' OF SNOW OR MORE,13,PONT,30,TRUE,12/1/2006 8:07,41.891044,-87.660776
7814 W BELMONT,7814,WEST,BELMONT,-87.8221142,41.9380974,7814 WEST BELMONT AVENUE,W,7814 W BELMONT,,,,,,,2299777,2/7/2006 1:41,9602964,IL,PAS,964070,SNOW ROUTE: 2' OF SNOW OR MORE,16,HYUN,30,TRUE,2/7/2006 1:41,41.9380974,-87.8221142
1824 W 103RD,1824,WEST,103RD,-87.6681977,41.7067614,1824 WEST 103RD STREET,W,1824 W 103RD,,,,,,,2304633,1/20/2006 22:35,Y372354,IL,PAS,964070,SNOW ROUTE: 2' OF SNOW OR MORE,22,CHEV,30,TRUE,1/20/2006 22:35,41.7067614,-87.6681977
5908 N CLARK,5908,NORTH,CLARK,-87.6704766,41.9888268,5908 NORTH CLARK STREET,N,5908 N CLARK,,,,,,,2381166,12/1/2006 8:30,11452G,IL,TRK,964070,SNOW ROUTE: 2' OF SNOW OR MORE,20,FORD,30,TRUE,12/1/2006 8:30,41.9888268,-87.6704766
3319 W 55TH ST,,,,,,,,,0.808,dstk,41.793392,-87.706652,3319 W 55TH ST,3319 W 55th St,2381193,12/1/2006 12:08,Y316930,IL,PAS,964070,SNOW ROUTE: 2' OF SNOW OR MORE,57,BUIC,30,TRUE,12/1/2006 12:08,41.793392,-87.706652
1608 W GRAND AVE,,,,,,,,,0.841,dstk,41.891051,-87.667493,1608 W GRAND AVE,1608 W Grand Ave,2381518,12/1/2006 7:50,1419091,IL,PAS,964070,SNOW ROUTE: 2' OF SNOW OR MORE,13,JEEP,30,TRUE,12/1/2006 7:50,41.891051,-87.667493
2852 W MONTROSE,2852,WEST,MONTROSE,-87.7005425,41.9615035,2852 WEST MONTROSE AVENUE,W,2852 W MONTROSE,,,,,,,2381564,12/1/2006 10:50,6567395,IL,PAS,964070,SNOW ROUTE: 2' OF SNOW OR MORE,17,VOLK,30,TRUE,12/1/2006 10:50,41.9615035,-87.7005425
2836 W MONTROSE,,,,,,,,,0.759,dstk,41.961315,-87.699768,2836 W MONTROSE,2836 W Montrose Ave,2381565,12/1/2006 11:00,5050214,IL,PAS,964070,SNOW ROUTE: 2' OF SNOW OR MORE,17,OLDS,30,TRUE,12/1/2006 11:00,41.961315,-87.699768
10640 S AVE O,,,,,,,,,0.85,dstk,41.701871,-87.540168,10640 S AVE O,10640 S Ave O,2381642,12/1/2006 5:16,1325185,IL,PAS,964070,SNOW ROUTE: 2' OF SNOW OR MORE,4,JEEP,30,TRUE,12/1/2006 5:16,41.701871,-87.540168
3458 S KING DRIVE,,,,,,,,,0.839,dstk,41.831735,-87.617052,3458 S KING DRIVE,3458 S King Dr,2382062,12/4/2006 3:36,9432130,IL,PAS,964070,SNOW ROUTE: 2' OF SNOW OR MORE,21,PONT,30,TRUE,12/4/2006 3:36,41.831735,-87.617052
2713 W CERMAK,,,,,,,,,0.768,dstk,41.851852,-87.693485,2713 W CERMAK,2713 W Cermak Rd,2382122,12/4/2006 5:26,9390318,IL,PAS,964070,SNOW ROUTE: 2' OF SNOW OR MORE,10,DODG,30,TRUE,12/4/2006 5:26,41.851852,-87.693485
958 W GARFIELD,958,WEST,GARFIELD,-87.649866,41.794437,958 WEST GARFIELD BOULEVARD,W,958 W GARFIELD,,,,,,,2382190,12/5/2006 11:35,7064377,IL,PAS,964070,SNOW ROUTE: 2' OF SNOW OR MORE,9,MERC,30,TRUE,12/5/2006 11:35,41.794437,-87.649866
1641 N LARRABEE,1641,NORTH,LARRABEE,-87.6432095,41.9122048,1641 NORTH LARRABEE STREET,N,1641 N LARRABEE,,,,,,,2382566,12/1/2006 11:05,7314416,IL,PAS,964070,SNOW ROUTE: 2' OF SNOW OR MORE,18,SUZI,30,TRUE,12/1/2006 11:05,41.9122048,-87.6432095
7326 S DAMEN,,,,,,,,,0.75,Bing,41.76040046,-87.6734861,7326 S DAMEN,"7326 S Damen Ave, Chicago, IL 60636, United States",2383221,12/1/2006 10:00,9856841,IL,PAS,964070,SNOW ROUTE: 2' OF SNOW OR MORE,7,PONT,30,TRUE,12/1/2006 10:00,41.7604004592,-87.6734860986
6419 S KEDZIE,6419,SOUTH,KEDZIE,-87.7027917,41.7765944,6419 SOUTH KEDZIE AVENUE,S,6419 S KEDZIE,,,,,,,2384347,12/10/2006 4:43,9616220,IL,PAS,964070,SNOW ROUTE: 2' OF SNOW OR MORE,8,GMC,30,TRUE,12/10/2006 4:43,41.7765944,-87.7027917
1945 S HALSTED ST,,,,,,,,,0.839,dstk,41.856457,-87.646528,1945 S HALSTED ST,1945 S Halsted St,2392981,1/21/2006 4:43,2964991,IL,PAS,964070,SNOW ROUTE: 2' OF SNOW OR MORE,12,CHEV,30,TRUE,1/21/2006 4:43,41.856457,-87.646528
719 S STATE,719,SOUTH,STATE,-87.627192,41.8726226,719 SOUTH STATE STREET,S,719 S STATE,,,,,,,2396611,2/5/2006 3:47,8489539,IL,PAS,964070,SNOW ROUTE: 2' OF SNOW OR MORE,1,JEEP,30,TRUE,2/5/2006 3:47,41.8726226,-87.627192
1508 S STATE,,,,,,,,,0.763,dstk,41.861752,-87.627298,1508 S STATE,1508 S State St,2397005,2/5/2006 3:32,JJT895,IL,PAS,964070,SNOW ROUTE: 2' OF SNOW OR MORE,1,NISS,30,TRUE,2/5/2006 3:32,41.861752,-87.627298
3308 W 55TH ST,,,,,,,,,0.808,dstk,41.793548,-87.706329,3308 W 55TH ST,3308 W 55th St,2469785,12/1/2006 12:05,6085933,IL,PAS,964070,SNOW ROUTE: 2' OF SNOW OR MORE,57,CHEV,30,TRUE,12/1/2006 12:05,41.793548,-87.706329
2431 S PULASKI,,,,,,,,,0.772,dstk,41.847147,-87.724562,2431 S PULASKI,2431 S Pulaski Rd,2469828,12/1/2006 8:07,9485511,IL,PAS,964070,SNOW ROUTE: 2' OF SNOW OR MORE,10,NISS,30,TRUE,12/1/2006 8:07,41.847147,-87.724562
3333 W MONTROSE,3333,WEST,MONTROSE,-87.7120035,41.9609033,3333 WEST MONTROSE AVENUE,W,3333 W MONTROSE,,,,,,,2470004,12/6/2006 10:00,526G975,IL,PAS,964070,SNOW ROUTE: 2' OF SNOW OR MORE,17,TOYT,30,TRUE,12/6/2006 10:00,41.9609033,-87.7120035
2842 W MONTROSE,2842,WEST,MONTROSE,-87.7001761,41.9614424,2842 WEST MONTROSE AVENUE,W,2842 W MONTROSE,,,,,,,2470126,12/1/2006 10:55,8922210,IL,PAS,964070,SNOW ROUTE: 2' OF SNOW OR MORE,17,PLYM,30,TRUE,12/1/2006 10:55,41.9614424,-87.7001761
3916 N .ELSTON,,,,,,,,,0.75,dstk,41.952312,-87.717155,3916 N .ELSTON,3916 N Elston Ave,2470136,12/1/2006 10:38,3482004,IL,PAS,964070,SNOW ROUTE: 2' OF SNOW OR MORE,17,FORD,30,TRUE,12/1/2006 10:38,41.952312,-87.717155
6435 S DAMEN,6435,SOUTH,DAMEN,-87.673354,41.7764629,6435 SOUTH DAMEN AVENUE,S,6435 S DAMEN,,,,,,,2471664,12/1/2006 7:19,98740GB,IL,TRK,964070,SNOW ROUTE: 2' OF SNOW OR MORE,7,FORD,30,TRUE,12/1/2006 7:19,41.7764629,-87.673354
6527 S KEDZIE,6527,SOUTH,KEDZIE,-87.7027689,41.7745274,6527 SOUTH KEDZIE AVENUE,S,6527 S KEDZIE,,,,,,,2472994,12/10/2006 3:48,87113FB,IL,TRK,964070,SNOW ROUTE: 2' OF SNOW OR MORE,8,CHEV,30,TRUE,12/10/2006 3:48,41.7745274,-87.7027689
925 S RACINE,,,,,,,,,0.75,dstk,41.869866,-87.656692,925 S RACINE,925 S Racine Ave,2481728,1/20/2006 23:51,6058289,IL,PAS,964070,SNOW ROUTE: 2' OF SNOW OR MORE,12,HOND,30,TRUE,1/20/2006 23:51,41.869866,-87.656692
1243 W 18TH STREET,,,,,,,,,0.789,dstk,41.857849,-87.658069,1243 W 18TH STREET,1243 W 18th St,2481837,1/11/2006 9:12,42900C,IL,TRK,964070,SNOW ROUTE: 2' OF SNOW OR MORE,12,CHEV,30,TRUE,1/11/2006 9:12,41.857849,-87.658069
2456 S PULASKI,,,,,,,,,0.772,dstk,41.846645,-87.724703,2456 S PULASKI,2456 S Pulaski Rd,2557890,12/1/2006 7:50,6601223,IL,PAS,964070,SNOW ROUTE: 2' OF SNOW OR MORE,10,PLYM,30,TRUE,12/1/2006 7:50,41.846645,-87.724703
3242 W MONTROSE,3242,WEST,MONTROSE,-87.7099473,41.9613475,3242 WEST MONTROSE AVENUE,W,3242 W MONTROSE,,,,,,,2558086,12/1/2006 10:05,T565711,IL,PAS,964070,SNOW ROUTE: 2' OF SNOW OR MORE,17,TOYT,30,TRUE,12/1/2006 10:05,41.9613475,-87.7099473
2332 S KEDZIE,2332,SOUTH,KEDZIE,-87.7054106,41.8489261,2332 SOUTH KEDZIE AVENUE,S,2332 S KEDZIE,,,,,,,2558207,12/3/2006 5:49,8652063,IL,PAS,964070,SNOW ROUTE: 2' OF SNOW OR MORE,10,CHEV,30,TRUE,12/3/2006 5:49,41.8489261,-87.7054106
1459 N HALSTED AVE,,,,,,,,,0.77,dstk,41.908108,-87.648125,1459 N HALSTED AVE,1459 N Halsted St,2559816,12/6/2006 3:26,2874243,IA,PAS,964070,SNOW ROUTE: 2' OF SNOW OR MORE,18,DODG,30,TRUE,12/6/2006 3:26,41.908108,-87.648125
5693 N NORTHWEST HIGHWAY,,,,,,,,,0.75,Bing,41.985298,-87.785934,5693 N NORTHWEST HIGHWAY,"5693 N Northwest Hwy, Chicago, IL 60646, United States",2570446,1/21/2006 9:25,6773534,IL,PAS,964070,SNOW ROUTE: 2' OF SNOW OR MORE,16,DODG,30,TRUE,1/21/2006 9:25,41.985298,-87.785934
833 S STATE,,,,,,,,,0.763,dstk,41.871389,-87.62737,833 S STATE,833 S State St,2573453,2/5/2006 3:44,7185814,IL,PAS,964070,SNOW ROUTE: 2' OF SNOW OR MORE,1,LEXU,30,TRUE,2/5/2006 3:44,41.871389,-87.62737
5828 N CLARK,5828,NORTH,CLARK,-87.6701786,41.9876597,5828 NORTH CLARK STREET,N,5828 N CLARK,,,,,,,2646063,12/1/2006 8:30,7441790,IL,PAS,964070,SNOW ROUTE: 2' OF SNOW OR MORE,20,HOND,30,TRUE,12/1/2006 8:30,41.9876597,-87.6701786
2938 W 55TH ST,,,,,,,,,0.808,dstk,41.793698,-87.697569,2938 W 55TH ST,2938 W 55th St,2646090,12/1/2006 11:45,6092061,IL,PAS,964070,SNOW ROUTE: 2' OF SNOW OR MORE,57,CHEV,30,TRUE,12/1/2006 11:45,41.793698,-87.697569
2741 W CERMAK,2741,WEST,CERMAK,-87.6946109,41.851667,2741 WEST CERMAK ROAD,W,2741 W CERMAK,,,,,,,2647042,12/4/2006 5:18,6176DN,IL,PAS,964070,SNOW ROUTE: 2' OF SNOW OR MORE,10,FORD,30,TRUE,12/4/2006 5:18,41.851667,-87.6946109
5843 S DAMEN,5843,SOUTH,DAMEN,-87.6737645,41.7871418,5843 SOUTH DAMEN AVENUE,S,5843 S DAMEN,,,,,,,2647989,12/2/2006 2:30,8620698,IL,PAS,964070,SNOW ROUTE: 2' OF SNOW OR MORE,7,NISS,30,TRUE,12/2/2006 2:30,41.7871418,-87.6737645
5841 S DAMEN,5841,SOUTH,DAMEN,-87.6738555,41.7872096,5841 SOUTH DAMEN AVENUE,S,5841 S DAMEN,,,,,,,2647990,12/2/2006 2:35,9884901,IL,PAS,964070,SNOW ROUTE: 2' OF SNOW OR MORE,7,CHEV,30,TRUE,12/2/2006 2:35,41.7872096,-87.6738555
3442 W FOSTER,3442,WEST,FOSTER,-87.7152837,41.9759533,3442 WEST FOSTER AVENUE,W,3442 W FOSTER,,,,,,,2666353,2/27/2006 4:00,6451455,IL,PAS,964070,SNOW ROUTE: 2' OF SNOW OR MORE,17,MITS,30,TRUE,2/27/2006 4:00,41.9759533,-87.7152837
2707 W CERMAK,,,,,,,,,0.768,dstk,41.851856,-87.693247,2707 W CERMAK,2707 W Cermak Rd,2735623,12/4/2006 5:30,7628590,IL,PAS,964070,SNOW ROUTE: 2' OF SNOW OR MORE,10,CHEV,30,TRUE,12/4/2006 5:30,41.851856,-87.693247
6541 S DAMEN,6541,SOUTH,DAMEN,-87.6735149,41.7745067,6541 SOUTH DAMEN AVENUE,S,6541 S DAMEN,,,,,,,2736563,12/1/2006 7:04,89567GB,IL,TRK,964070,SNOW ROUTE: 2' OF SNOW OR MORE,7,FORD,30,TRUE,12/1/2006 7:04,41.7745067,-87.6735149
3740 W GARFIELD BLVD,,,,,,,,,0.9,OpenCage,41.7940815,-87.6378567,3740 W GARFIELD BLVD,"West Garfield Boulevard, Chicago, IL 60621, United States of America",2739411,12/1/2006 12:25,1879SS,IL,IRT,964070,SNOW ROUTE: 2' OF SNOW OR MORE,57,PONT,30,TRUE,12/1/2006 12:25,41.7940815,-87.6378567
1422 N MILWAUKEE,1422,NORTH,MILWAUKEE,-87.6735894,41.9076298,1422 NORTH MILWAUKEE AVENUE,N,1422 N MILWAUKEE,,,,,,,2745466,1/21/2006 3:10,9303974,IA,PAS,964070,SNOW ROUTE: 2' OF SNOW OR MORE,14,SATR,30,TRUE,1/21/2006 3:10,41.9076298,-87.6735894
1739 W 51ST ST,,,,,,,,,0.808,dstk,41.801206,-87.668742,1739 W 51ST ST,1739 W 51st St,2745690,1/21/2006 5:00,7102150,IL,PAS,964070,SNOW ROUTE: 2' OF SNOW OR MORE,9,FORD,30,TRUE,1/21/2006 5:00,41.801206,-87.668742
910 S STATE,,,,,,,,,0.763,dstk,41.870188,-87.627492,910 S STATE,910 S State St,2750451,2/5/2006 3:27,1042059,IL,PAS,964070,SNOW ROUTE: 2' OF SNOW OR MORE,1,OLDS,30,TRUE,2/5/2006 3:27,41.870188,-87.627492
10819 S RHODES,,,,,,,,,0.75,dstk,41.697472,-87.60975,10819 S RHODES,10819 S Rhodes Ave,2750797,2/11/2006 18:15,2452929,IL,PAS,964070,SNOW ROUTE: 2' OF SNOW OR MORE,5,FORD,30,TRUE,2/11/2006 18:15,41.697472,-87.60975
3234 W 55TH ST,,,,,,,,,0.808,dstk,41.793568,-87.704836,3234 W 55TH ST,3234 W 55th St,2823307,12/1/2006 12:00,7541658,IL,PAS,964070,SNOW ROUTE: 2' OF SNOW OR MORE,57,CHEV,30,TRUE,12/1/2006 12:00,41.793568,-87.704836
1473 W GRAND AVE,,,,,,,,,0.841,dstk,41.89093,-87.664523,1473 W GRAND AVE,1473 W Grand Ave,2823625,12/1/2006 7:55,9300312,IL,PAS,964070,SNOW ROUTE: 2' OF SNOW OR MORE,13,VOLK,30,TRUE,12/1/2006 7:55,41.89093,-87.664523
4837 N PULASKI,4837,NORTH,PULASKI,-87.7277143,41.9693528,4837 NORTH PULASKI ROAD,N,4837 N PULASKI,,,,,,,2823654,12/1/2006 10:40,UG9010,IL,PAS,964070,SNOW ROUTE: 2' OF SNOW OR MORE,17,TOYT,30,TRUE,12/1/2006 10:40,41.9693528,-87.7277143
3858 N .ELSTON,,,,,,,,,0.75,dstk,41.951316,-87.715756,3858 N .ELSTON,3858 N Elston Ave,2823666,12/1/2006 10:42,21866HB,IL,TRK,964070,SNOW ROUTE: 2' OF SNOW OR MORE,17,FORD,30,TRUE,12/1/2006 10:42,41.951316,-87.715756
7456 N CLARK,7456,NORTH,CLARK,-87.6758505,42.0175221,7456 NORTH CLARK STREET,N,7456 N CLARK,,,,,,,2823890,12/1/2006 10:57,NT564,RI,PAS,964070,SNOW ROUTE: 2' OF SNOW OR MORE,24,MERC,30,TRUE,12/1/2006 10:57,42.0175221,-87.6758505
6912 S RACINE,,,,,,,,,0.75,dstk,41.768468,-87.654281,6912 S RACINE,6912 S Racine Ave,2825206,12/1/2006 19:35,9980452,IL,PAS,964070,SNOW ROUTE: 2' OF SNOW OR MORE,7,FORD,30,TRUE,12/1/2006 19:35,41.768468,-87.654281
2111 W 71ST ST,,,,,,,,,0.808,dstk,41.764703,-87.67633,2111 W 71ST ST,2111 W 71st St,2825285,12/1/2006 10:40,4595801,IL,PAS,964070,SNOW ROUTE: 2' OF SNOW OR MORE,7,CHEV,30,TRUE,12/1/2006 10:40,41.764703,-87.67633
