Violation Location,ADDRNO,STNAMEPRD,STNAME,LONGITUDE,LATITUDE,ADDRDELIV,pre_abbrev,lookup_address,confidence,geocoder,latitude,longitude,x,y,original_address,street_address,Unnamed: 0,Issue Date,License Plate Number,License Plate State,License Plate Type,Violation Code,Violation Description,Unit,Vehicle Make,Fine Level 1 Amount,two_inch,date
645 S STATE ST,,,,,,,,,0.843,dstk,41.873804,-87.627442,-87.627442,41.873804,645 S STATE ST,645 S State St,2125279,12/4/2016 15:15,X534512,IL,PAS,964070,SNOW ROUTE: 2'' OF SNOW OR MORE,1,MERC,60,TRUE,12/4/2016 15:15
702 S STATE,,,,,,,,,0.763,dstk,41.872788,-87.627551,-87.627551,41.872788,702 S STATE,702 S State St,2125280,12/4/2016 3:20,279YZY,IL,PAS,964070,SNOW ROUTE: 2'' OF SNOW OR MORE,1,HYUN,60,TRUE,12/4/2016 3:20
710 S STATE,,,,,,,,,0.763,dstk,41.872747,-87.627551,-87.627551,41.872747,710 S STATE,710 S State St,2125281,12/4/2016 3:24,8616696,IL,PAS,964070,SNOW ROUTE: 2'' OF SNOW OR MORE,1,FORD,60,TRUE,12/4/2016 3:24
806 S STATE,,,,,,,,,0.763,dstk,41.870502,-87.627498,-87.627498,41.870502,806 S STATE,806 S State St,2125282,12/4/2016 3:32,V265910,IL,PAS,964070,SNOW ROUTE: 2'' OF SNOW OR MORE,1,FORD,60,TRUE,12/4/2016 3:32
1420 S STATE ST,,,,,,,,,0.843,dstk,41.862208,-87.627303,-87.627303,41.862208,1420 S STATE ST,1420 S State St,2125283,12/4/2016 3:41,Q752796,IL,PAS,964070,SNOW ROUTE: 2'' OF SNOW OR MORE,1,TOYT,60,TRUE,12/4/2016 3:41
1422 S STATE ST,,,,,,,,,0.843,dstk,41.862201,-87.627303,-87.627303,41.862201,1422 S STATE ST,1422 S State St,2125284,12/4/2016 3:44,E901402,IL,PAS,964070,SNOW ROUTE: 2'' OF SNOW OR MORE,1,HYUN,60,TRUE,12/4/2016 3:44
1816 S STATE ST,,,,,,,,,0.843,dstk,41.857626,-87.627199,-87.627199,41.857626,1816 S STATE ST,1816 S State St,2125285,12/4/2016 4:00,P188238,IL,PAS,964070,SNOW ROUTE: 2'' OF SNOW OR MORE,1,HOND,60,TRUE,12/4/2016 4:00
1818 S STATE ST,,,,,,,,,0.843,dstk,41.857595,-87.627199,-87.627199,41.857595,1818 S STATE ST,1818 S State St,2125286,12/4/2016 4:03,9277258,IL,PAS,964070,SNOW ROUTE: 2'' OF SNOW OR MORE,1,FIAT,60,TRUE,12/4/2016 4:03
1830 S STATE ST,,,,,,,,,0.843,dstk,41.857409,-87.627198,-87.627198,41.857409,1830 S STATE ST,1830 S State St,2125287,12/4/2016 4:06,Y978267,IL,PAS,964070,SNOW ROUTE: 2'' OF SNOW OR MORE,1,NISS,60,TRUE,12/4/2016 4:06
3442 W FOSTER AVE,,,,,,,,,0.839,dstk,41.975749,-87.714936,-87.714936,41.975749,3442 W FOSTER AVE,3442 W Foster Ave,2125679,12/1/2016 3:31,Y935168,IL,PAS,964070,SNOW ROUTE: 2'' OF SNOW OR MORE,17,INFI,60,TRUE,12/1/2016 3:31
3721 N MILWAUKEE,3721,NORTH,MILWAUKEE,-87.7388467,41.9487033,3721 NORTH MILWAUKEE AVENUE,N,3721 N MILWAUKEE,,,,,-87.7388467,41.9487033,,,2125681,12/1/2016 3:43,R191895,IL,PAS,964070,SNOW ROUTE: 2'' OF SNOW OR MORE,17,HYUN,60,TRUE,12/1/2016 3:43
3581 N MILWAUKEE,3581,NORTH,MILWAUKEE,-87.7347456,41.9459023,3581 NORTH MILWAUKEE AVENUE,N,3581 N MILWAUKEE,,,,,-87.7347456,41.9459023,,,2125682,12/7/2016 3:47,3572252,IL,PAS,964070,SNOW ROUTE: 2'' OF SNOW OR MORE,17,VOLV,60,TRUE,12/7/2016 3:47
3581 N MILWAUKEE,3581,NORTH,MILWAUKEE,-87.7347456,41.9459023,3581 NORTH MILWAUKEE AVENUE,N,3581 N MILWAUKEE,,,,,-87.7347456,41.9459023,,,2125683,12/1/2016 3:50,Z220078,IL,PAS,964070,SNOW ROUTE: 2'' OF SNOW OR MORE,17,FORD,60,TRUE,12/1/2016 3:50
1106 W 87TH ST,,,,,,,,,0.808,dstk,41.736041,-87.651055,-87.651055,41.736041,1106 W 87TH ST,1106 W 87th St,2126092,12/5/2016 8:30,Z641339,IL,PAS,964070,SNOW ROUTE: 2'' OF SNOW OR MORE,6,NISS,60,TRUE,12/5/2016 8:30
1110 W 87TH ST,,,,,,,,,0.808,dstk,41.736038,-87.651256,-87.651256,41.736038,1110 W 87TH ST,1110 W 87th St,2126093,12/5/2016 8:30,8603683,IL,PAS,964070,SNOW ROUTE: 2'' OF SNOW OR MORE,6,CADI,60,TRUE,12/5/2016 8:30
1138 S CALIFORNIA AVE,,,,,,,,,0.833,dstk,41.867614,-87.696009,-87.696009,41.867614,1138 S CALIFORNIA AVE,1138 S California Ave,2126327,12/5/2016 0:46,R455149,IL,PAS,964070,SNOW ROUTE: 2'' OF SNOW OR MORE,11,KIA,60,TRUE,12/5/2016 0:46
1138 S CALIFORNIA AVE,,,,,,,,,0.833,dstk,41.867614,-87.696009,-87.696009,41.867614,1138 S CALIFORNIA AVE,1138 S California Ave,2126328,12/5/2016 0:52,V611327,IL,PAS,964070,SNOW ROUTE: 2'' OF SNOW OR MORE,11,CHEV,60,TRUE,12/5/2016 0:52
2844 W ROOSEVELT RD,,,,,,,,,0.836,dstk,41.866567,-87.697378,-87.697378,41.866567,2844 W ROOSEVELT RD,2844 W Roosevelt Rd,2126329,12/5/2016 1:01,Q142940,IL,PAS,964070,SNOW ROUTE: 2'' OF SNOW OR MORE,11,CADI,60,TRUE,12/5/2016 1:01
2844 W ROOSEVELT RD,,,,,,,,,0.836,dstk,41.866567,-87.697378,-87.697378,41.866567,2844 W ROOSEVELT RD,2844 W Roosevelt Rd,2126330,12/5/2016 1:04,E365433,IL,PAS,964070,SNOW ROUTE: 2'' OF SNOW OR MORE,11,SUZI,60,TRUE,12/5/2016 1:04
1022 N PULASKI,1022,NORTH,PULASKI,-87.7264574,41.8997266,1022 NORTH PULASKI ROAD,N,1022 N PULASKI,,,,,-87.7264574,41.8997266,,,2128256,12/4/2016 17:25,V505579,IL,PAS,964070,SNOW ROUTE: 2'' OF SNOW OR MORE,11,MERC,60,TRUE,12/4/2016 17:25
1112 S CALIFORNIA,1112,SOUTH,CALIFORNIA,-87.6962125,41.8678904,1112 SOUTH CALIFORNIA AVENUE,S,1112 S CALIFORNIA,,,,,-87.6962125,41.8678904,,,2133694,12/6/2016 1:33,E558117,IL,PAS,964070,SNOW ROUTE: 2'' OF SNOW OR MORE,11,FORD,60,TRUE,12/6/2016 1:33
2838 W ROOSEVELT,2838,WEST,ROOSEVELT,-87.6974716,41.8667661,2838 WEST ROOSEVELT ROAD,W,2838 W ROOSEVELT,,,,,-87.6974716,41.8667661,,,2133695,12/6/2016 1:50,E365433,IL,PAS,964070,SNOW ROUTE: 2'' OF SNOW OR MORE,11,SUZI,60,TRUE,12/6/2016 1:50
3019 W JACKSON,3019,WEST,JACKSON,-87.7019076,41.8771298,3019 WEST JACKSON BOULEVARD,W,3019 W JACKSON,,,,,-87.7019076,41.8771298,,,2133696,12/6/2016 2:02,E405767,IL,PAS,964070,SNOW ROUTE: 2'' OF SNOW OR MORE,11,CHEV,60,TRUE,12/6/2016 2:02
3019 W JACKSON,3019,WEST,JACKSON,-87.7019076,41.8771298,3019 WEST JACKSON BOULEVARD,W,3019 W JACKSON,,,,,-87.7019076,41.8771298,,,2135843,12/6/2016 2:01,K247524,IL,PAS,964070,SNOW ROUTE: 2'' OF SNOW OR MORE,11,MAZD,60,TRUE,12/6/2016 2:01
2420 W ROOSEVELT,2420,WEST,ROOSEVELT,-87.6869485,41.8668087,2420 WEST ROOSEVELT ROAD,W,2420 W ROOSEVELT,,,,,-87.6869485,41.8668087,,,2133697,12/6/2016 2:14,V753544,IL,PAS,964070,SNOW ROUTE: 2'' OF SNOW OR MORE,11,JEEP,60,TRUE,12/6/2016 2:14
2422 W ROOSEVELT,2422,WEST,ROOSEVELT,-87.6870238,41.8668884,2422 WEST ROOSEVELT ROAD,W,2422 W ROOSEVELT,,,,,-87.6870238,41.8668884,,,2133698,12/6/2016 2:16,Z536225,IL,PAS,964070,SNOW ROUTE: 2'' OF SNOW OR MORE,11,ACUR,60,TRUE,12/6/2016 2:16
2421 W ROOSEVELT,,,,,,,,,0.778,dstk,41.866519,-87.687563,-87.687563,41.866519,2421 W ROOSEVELT,2421 W Roosevelt Rd,2133699,12/6/2016 2:20,H157224,IL,PAS,964070,SNOW ROUTE: 2'' OF SNOW OR MORE,11,ACUR,60,TRUE,12/6/2016 2:20
712 S STATE ST,,,,,,,,,0.843,dstk,41.872737,-87.627551,-87.627551,41.872737,712 S STATE ST,712 S State St,2134093,12/4/2016 3:26,L555582,IL,PAS,964070,SNOW ROUTE: 2'' OF SNOW OR MORE,1,AUDI,60,TRUE,12/4/2016 3:26
1110 S CALIFORNIA AVE,,,,,,,,,0.833,dstk,41.868141,-87.696025,-87.696025,41.868141,1110 S CALIFORNIA AVE,1110 S California Ave,2135839,12/6/2016 1:32,ZX77524,IL,PAS,964070,SNOW ROUTE: 2'' OF SNOW OR MORE,11,NISS,60,TRUE,12/6/2016 1:32
1140 S CALIFORNIA AVE,,,,,,,,,0.833,dstk,41.867576,-87.696008,-87.696008,41.867576,1140 S CALIFORNIA AVE,1140 S California Ave,2135840,12/6/2016 1:38,Z788197,IL,PAS,964070,SNOW ROUTE: 2'' OF SNOW OR MORE,11,TOYT,60,TRUE,12/6/2016 1:38
1142 S CALIFORNIA AVE,,,,,,,,,0.833,dstk,41.867539,-87.696007,-87.696007,41.867539,1142 S CALIFORNIA AVE,1142 S California Ave,2135841,12/6/2016 1:43,Q147222,IL,PAS,964070,SNOW ROUTE: 2'' OF SNOW OR MORE,11,CHEV,60,TRUE,12/6/2016 1:43
1144 S CALIFORNIA AVE,,,,,,,,,0.833,dstk,41.867501,-87.696006,-87.696006,41.867501,1144 S CALIFORNIA AVE,1144 S California Ave,2135842,12/6/2016 1:46,N493906,IL,PAS,964070,SNOW ROUTE: 2'' OF SNOW OR MORE,11,MAZD,60,TRUE,12/6/2016 1:46
3017 W JACKSON,3017,WEST,JACKSON,-87.7018172,41.8771359,3017 WEST JACKSON BOULEVARD,W,3017 W JACKSON,,,,,-87.7018172,41.8771359,,,2135844,12/6/2016 2:04,Q328372,IL,PAS,964070,SNOW ROUTE: 2'' OF SNOW OR MORE,11,BUIC,60,TRUE,12/6/2016 2:04
3013 W JACKSON,,,,,,,,,0.75,Bing,41.87731996,-87.70165131,-87.70165131,41.87731996,3013 W JACKSON,"3013 W Jackson Blvd, Chicago, IL 60612, United States",2135845,12/6/2016 2:05,S765676,IL,PAS,964070,SNOW ROUTE: 2'' OF SNOW OR MORE,11,GMC,60,TRUE,12/6/2016 2:05
5919 S ASHLAND,,,,,,,,,0.755,dstk,41.786414,-87.664312,-87.664312,41.786414,5919 S ASHLAND,5919 S Ashland Ave,2152531,12/5/2016 1:30,Q624902,IL,PAS,964070,SNOW ROUTE: 2'' OF SNOW OR MORE,7,KIA,60,TRUE,12/5/2016 1:30
1554 W 63RD ST,,,,,,,,,0.808,dstk,41.77956,-87.663383,-87.663383,41.77956,1554 W 63RD ST,1554 W 63rd St,2152811,12/4/2016 17:03,Z458468,IL,PAS,964070,SNOW ROUTE: 2'' OF SNOW OR MORE,7,KIA,60,TRUE,12/4/2016 17:03
1554 W 63RD ST,,,,,,,,,0.808,dstk,41.77956,-87.663383,-87.663383,41.77956,1554 W 63RD ST,1554 W 63rd St,2152878,12/4/2016 17:03,Q975814,IL,PAS,964070,SNOW ROUTE: 2'' OF SNOW OR MORE,7,KIA,60,TRUE,12/4/2016 17:03
1558 W 63RD ST,,,,,,,,,0.808,dstk,41.779559,-87.663437,-87.663437,41.779559,1558 W 63RD ST,1558 W 63rd St,2152812,12/4/2016 17:04,Y929616,IL,PAS,964070,SNOW ROUTE: 2'' OF SNOW OR MORE,7,HOND,60,TRUE,12/4/2016 17:04
6320 S ASHLAND,,,,,,,,,0.755,dstk,41.778866,-87.664203,-87.664203,41.778866,6320 S ASHLAND,6320 S Ashland Ave,2152813,12/4/2016 17:12,6045951,IL,PAS,964070,SNOW ROUTE: 2'' OF SNOW OR MORE,7,GMC,60,TRUE,12/4/2016 17:12
1556 W 6R3D ST,,,,,,,,,0,google,0,0,0,0,1556 W 6R3D ST,ADDRESS MISSING,2152879,12/4/2016 17:03,X592869,IL,PAS,964070,SNOW ROUTE: 2'' OF SNOW OR MORE,7,CHRY,60,TRUE,12/4/2016 17:03
6318 S ASHLAND AVE,,,,,,,,,0.837,dstk,41.77894,-87.664206,-87.664206,41.77894,6318 S ASHLAND AVE,6318 S Ashland Ave,2152880,12/4/2016 17:12,R878969,IL,PAS,964070,SNOW ROUTE: 2'' OF SNOW OR MORE,7,BUIC,60,TRUE,12/4/2016 17:12
6123 S ASHLAND,6123,SOUTH,ASHLAND,-87.6637848,41.7823726,6123 SOUTH ASHLAND AVENUE,S,6123 S ASHLAND,,,,,-87.6637848,41.7823726,,,2153417,12/5/2016 1:35,658S104,IL,PAS,964070,SNOW ROUTE: 2'' OF SNOW OR MORE,7,BUIC,60,TRUE,12/5/2016 1:35
6722 S RACINE AV,,,,,,,,,0.816,dstk,41.771878,-87.654298,-87.654298,41.771878,6722 S RACINE AV,6722 S Racine Ave,2153418,12/5/2016 2:31,CYM501,MS,PAS,964070,SNOW ROUTE: 2'' OF SNOW OR MORE,7,CHEV,60,TRUE,12/5/2016 2:31
6718 S RACINE AV,,,,,,,,,0.816,dstk,41.771959,-87.654375,-87.654375,41.771959,6718 S RACINE AV,6718 S Racine Ave,2153419,12/5/2016 2:38,Z724109,IL,PAS,964070,SNOW ROUTE: 2'' OF SNOW OR MORE,7,FORD,60,TRUE,12/5/2016 2:38
6718 S RACINE AV,,,,,,,,,0.816,dstk,41.771959,-87.654375,-87.654375,41.771959,6718 S RACINE AV,6718 S Racine Ave,2199082,12/17/2016 11:48,P300143,IL,PAS,964070,SNOW ROUTE: 2'' OF SNOW OR MORE,7,CHRY,60,TRUE,12/17/2016 11:48
1902 E 75TH ST,,,,,,,,,0.808,dstk,41.758926,-87.578369,-87.578369,41.758926,1902 E 75TH ST,1902 E 75th St,2153480,12/4/2016 15:32,E181492,IL,PAS,964070,SNOW ROUTE: 2'' OF SNOW OR MORE,3,HYUN,60,TRUE,12/4/2016 15:32
820 E 75TH,820,EAST,75TH,-87.6045029,41.7588735,820 EAST 75TH STREET,E,820 E 75TH,,,,,-87.6045029,41.7588735,,,2153481,12/4/2016 15:40,E702179,IL,PAS,964070,SNOW ROUTE: 2'' OF SNOW OR MORE,3,PONT,60,TRUE,12/4/2016 15:40
742 E 75TH ST,,,,,,,,,0.808,dstk,41.758637,-87.606461,-87.606461,41.758637,742 E 75TH ST,742 E 75th St,2153482,12/4/2016 15:45,S683048,IL,PAS,964070,SNOW ROUTE: 2'' OF SNOW OR MORE,3,CHEV,60,TRUE,12/4/2016 15:45
738 E 75TH ST,,,,,,,,,0.808,dstk,41.758635,-87.606517,-87.606517,41.758635,738 E 75TH ST,738 E 75th St,2153486,12/4/2016 15:45,R968487,IL,PAS,964070,SNOW ROUTE: 2'' OF SNOW OR MORE,3,HOND,60,TRUE,12/4/2016 15:45
7949 S DAMEN,7949,SOUTH,DAMEN,-87.672814,41.7488013,7949 SOUTH DAMEN AVENUE,S,7949 S DAMEN,,,,,-87.672814,41.7488013,,,2154872,12/10/2016 18:30,E561294,IL,PAS,964070,SNOW ROUTE: 2'' OF SNOW OR MORE,6,JEEP,60,TRUE,12/10/2016 18:30
4749 W MADISON,4749,WEST,MADISON,-87.7447356,41.8802996,4749 WEST MADISON STREET,W,4749 W MADISON,,,,,-87.7447356,41.8802996,,,2159205,12/10/2016 19:58,309T750,IL,PAS,964070,SNOW ROUTE: 2'' OF SNOW OR MORE,11,BUIC,60,TRUE,12/10/2016 19:58
4651 W JACKSON,4651,WEST,JACKSON,-87.7422442,41.8766657,4651 WEST JACKSON BOULEVARD,W,4651 W JACKSON,,,,,-87.7422442,41.8766657,,,2159206,12/10/2016 20:03,N799877,IL,PAS,964070,SNOW ROUTE: 2'' OF SNOW OR MORE,11,PONT,60,TRUE,12/10/2016 20:03
4645 W JACKSON,4645,WEST,JACKSON,-87.7419268,41.8764911,4645 WEST JACKSON BOULEVARD,W,4645 W JACKSON,,,,,-87.7419268,41.8764911,,,2159207,12/10/2016 20:06,360LVY,IN,PAS,964070,SNOW ROUTE: 2'' OF SNOW OR MORE,11,HOND,60,TRUE,12/10/2016 20:06
4635 W JACKSON,4635,WEST,JACKSON,-87.7417014,41.8766805,4635 WEST JACKSON BOULEVARD,W,4635 W JACKSON,,,,,-87.7417014,41.8766805,,,2159208,12/10/2016 20:08,277T348,IL,PAS,964070,SNOW ROUTE: 2'' OF SNOW OR MORE,11,DODG,60,TRUE,12/10/2016 20:08
5502 S ARCHER AVE,,,,,,,,,0.839,dstk,41.798204,-87.746646,-87.746646,41.798204,5502 S ARCHER AVE,5502 S Archer Ave,2159287,12/4/2016 22:32,Z501290,IL,PAS,964070,SNOW ROUTE: 2'' OF SNOW OR MORE,8,JEEP,60,TRUE,12/4/2016 22:32
5771 S ARCHER AVE,,,,,,,,,0.839,dstk,41.796442,-87.757011,-87.757011,41.796442,5771 S ARCHER AVE,5771 S Archer Ave,2159288,12/4/2016 22:37,Q968253,IL,PAS,964070,SNOW ROUTE: 2'' OF SNOW OR MORE,8,VOLK,60,TRUE,12/4/2016 22:37
6912 S WESTERN,6912,SOUTH,WESTERN,-87.683658,41.767876,6912 SOUTH WESTERN AVENUE,S,6912 S WESTERN,,,,,-87.683658,41.767876,,,2159296,12/10/2016 20:26,Q153624,IL,PAS,964070,SNOW ROUTE: 2'' OF SNOW OR MORE,8,FORD,60,TRUE,12/10/2016 20:26
6920 S WESTERN,,,,,,,,,0.755,dstk,41.76792,-87.683405,-87.683405,41.76792,6920 S WESTERN,6920 S Western Ave,2159297,12/10/2016 20:27,ZX28295,IL,PAS,964070,SNOW ROUTE: 2'' OF SNOW OR MORE,8,PONT,60,TRUE,12/10/2016 20:27
6928 S WESTERN,,,,,,,,,0.755,dstk,41.767804,-87.683403,-87.683403,41.767804,6928 S WESTERN,6928 S Western Ave,2159298,12/10/2016 20:29,Q476161,IL,PAS,964070,SNOW ROUTE: 2'' OF SNOW OR MORE,8,CHEV,60,TRUE,12/10/2016 20:29
907 W GARFIELD,907,WEST,GARFIELD,-87.6479437,41.7936719,907 WEST GARFIELD BOULEVARD,W,907 W GARFIELD,,,,,-87.6479437,41.7936719,,,2159385,12/10/2016 19:29,Q474614,IL,PAS,964070,SNOW ROUTE: 2'' OF SNOW OR MORE,9,NISS,60,TRUE,12/10/2016 19:29
841 W GARFIELD,,,,,,,,,0.745,dstk,41.793872,-87.671441,-87.671441,41.793872,841 W GARFIELD,841 W Garfield Blvd,2159386,12/10/2016 19:31,V173759,IL,PAS,964070,SNOW ROUTE: 2'' OF SNOW OR MORE,9,CHEV,60,TRUE,12/10/2016 19:31
717 W GARFIELD,717,WEST,GARFIELD,-87.6434852,41.7937589,717 WEST GARFIELD BOULEVARD,W,717 W GARFIELD,,,,,-87.6434852,41.7937589,,,2159387,12/10/2016 19:33,Q281456,IL,PAS,964070,SNOW ROUTE: 2'' OF SNOW OR MORE,9,CADI,60,TRUE,12/10/2016 19:33
715 W GARFIELD,715,WEST,GARFIELD,-87.6433579,41.7937083,715 WEST GARFIELD BOULEVARD,W,715 W GARFIELD,,,,,-87.6433579,41.7937083,,,2159388,12/10/2016 19:33,Q482791,IL,PAS,964070,SNOW ROUTE: 2'' OF SNOW OR MORE,9,CHEV,60,TRUE,12/10/2016 19:33
5442 S HALSTED,,,,,,,,,0.772,dstk,41.79499,-87.645252,-87.645252,41.79499,5442 S HALSTED,5442 S Halsted St,2159389,12/10/2016 19:41,Z999575,IL,PAS,964070,SNOW ROUTE: 2'' OF SNOW OR MORE,9,HYUN,60,TRUE,12/10/2016 19:41
5153 S HALSTED,,,,,,,,,0.772,dstk,41.800633,-87.645245,-87.645245,41.800633,5153 S HALSTED,5153 S Halsted St,2159490,12/10/2016 19:26,L413075,IL,PAS,964070,SNOW ROUTE: 2'' OF SNOW OR MORE,9,VOLK,60,TRUE,12/10/2016 19:26
951 W 51ST ST,,,,,,,,,0.808,dstk,41.801456,-87.64882,-87.64882,41.801456,951 W 51ST ST,951 W 51st St,2159497,12/10/2016 20:11,ZX90550,IL,PAS,964070,SNOW ROUTE: 2'' OF SNOW OR MORE,9,TOYT,60,TRUE,12/10/2016 20:11
4618 W JACKSON,4618,WEST,JACKSON,-87.7411695,41.8771761,4618 WEST JACKSON BOULEVARD,W,4618 W JACKSON,,,,,-87.7411695,41.8771761,,,2159749,12/10/2016 20:12,LETGOD,IL,DOM,964070,SNOW ROUTE: 2'' OF SNOW OR MORE,11,JEEP,60,TRUE,12/10/2016 20:12
4648 W JACKSON,,,,,,,,,0.75,Bing,41.87693775,-87.74175234,-87.74175234,41.87693775,4648 W JACKSON,"4648 W Jackson Blvd, Chicago, IL 60644, United States",2159750,12/10/2016 20:16,ZX64495,IL,PAS,964070,SNOW ROUTE: 2'' OF SNOW OR MORE,11,CHEV,60,TRUE,12/10/2016 20:16
4648 W JACKSON,,,,,,,,,0.75,Bing,41.87693775,-87.74175234,-87.74175234,41.87693775,4648 W JACKSON,"4648 W Jackson Blvd, Chicago, IL 60644, United States",2159752,12/10/2016 20:23,Z453669,IL,PAS,964070,SNOW ROUTE: 2'' OF SNOW OR MORE,11,CHEV,60,TRUE,12/10/2016 20:23
4658 W JACKSON,,,,,,,,,0.75,Bing,41.87693574,-87.74190322,-87.74190322,41.87693574,4658 W JACKSON,"4658 W Jackson Blvd, Chicago, IL 60644, United States",2159751,12/10/2016 20:20,Z593138,IL,PAS,964070,SNOW ROUTE: 2'' OF SNOW OR MORE,11,MERC,60,TRUE,12/10/2016 20:20
10135  S,,,,,,,,,1,OpenCage,51.1163375,-0.5411582,-0.5411582,51.1163375,10135  S,"Chicago, Dunsfold CP, Waverley, Surrey, England, United Kingdom",2159762,12/11/2016 21:50,Z713031,IL,PAS,964070,SNOW ROUTE: 2'' OF SNOW OR MORE,4,HOND,60,TRUE,12/11/2016 21:50
4331 W MADISON,,,,,,,,,0.772,dstk,41.880554,-87.733707,-87.733707,41.880554,4331 W MADISON,4331 W Madison St,2160096,12/11/2016 17:14,Q432160,IL,PAS,964070,SNOW ROUTE: 2'' OF SNOW OR MORE,11,TOYT,60,TRUE,12/11/2016 17:14
6138 W 55TH ST,,,,,,,,,0.808,dstk,41.792541,-87.775852,-87.775852,41.792541,6138 W 55TH ST,6138 W 55th St,2160505,12/11/2016 20:34,P714330,IL,PAS,964070,SNOW ROUTE: 2'' OF SNOW OR MORE,8,ACUR,60,TRUE,12/11/2016 20:34
6138 W 55TH ST,,,,,,,,,0.808,dstk,41.792541,-87.775852,-87.775852,41.792541,6138 W 55TH ST,6138 W 55th St,2160513,12/11/2016 20:33,Q924259,IL,PAS,964070,SNOW ROUTE: 2'' OF SNOW OR MORE,8,TOYT,60,TRUE,12/11/2016 20:33
5810 S ARCHER AVE,,,,,,,,,0.839,dstk,41.796321,-87.758896,-87.758896,41.796321,5810 S ARCHER AVE,5810 S Archer Ave,2160516,12/10/2016 23:15,E609297,IL,PAS,964070,SNOW ROUTE: 2'' OF SNOW OR MORE,8,NISS,60,TRUE,12/10/2016 23:15
5733 S ARCHER AVE,,,,,,,,,0.839,dstk,41.796704,-87.755434,-87.755434,41.796704,5733 S ARCHER AVE,5733 S Archer Ave,2160517,12/10/2016 23:19,X395339,IL,PAS,964070,SNOW ROUTE: 2'' OF SNOW OR MORE,8,CHEV,60,TRUE,12/10/2016 23:19
5697 S ARCHER AVE,,,,,,,,,0.839,dstk,41.796803,-87.754827,-87.754827,41.796803,5697 S ARCHER AVE,5697 S Archer Ave,2160518,12/10/2016 23:22,E296084,IL,PAS,964070,SNOW ROUTE: 2'' OF SNOW OR MORE,8,SUBA,60,TRUE,12/10/2016 23:22
2524 W 71ST ST,,,,,,,,,0.808,dstk,41.764714,-87.686719,-87.686719,41.764714,2524 W 71ST ST,2524 W 71st St,2160563,12/11/2016 21:22,Q480073,IL,PAS,964070,SNOW ROUTE: 2'' OF SNOW OR MORE,8,CHEV,60,TRUE,12/11/2016 21:22
2534 W 71ST ST,,,,,,,,,0.808,dstk,41.76471,-87.687025,-87.687025,41.76471,2534 W 71ST ST,2534 W 71st St,2160564,12/11/2016 21:23,ZX26741,IL,PAS,964070,SNOW ROUTE: 2'' OF SNOW OR MORE,8,DODG,60,TRUE,12/11/2016 21:23
2610 W 71ST ST,,,,,,,,,0.808,dstk,41.764684,-87.688525,-87.688525,41.764684,2610 W 71ST ST,2610 W 71st St,2160565,12/11/2016 21:25,X881308,IL,PAS,964070,SNOW ROUTE: 2'' OF SNOW OR MORE,8,HOND,60,TRUE,12/11/2016 21:25
2618 W 71ST ST,,,,,,,,,0.808,dstk,41.764678,-87.688786,-87.688786,41.764678,2618 W 71ST ST,2618 W 71st St,2160566,12/11/2016 21:26,Q332936,IL,PAS,964070,SNOW ROUTE: 2'' OF SNOW OR MORE,8,TOYT,60,TRUE,12/11/2016 21:26
2642 W 71ST ST,,,,,,,,,0.808,dstk,41.764668,-87.689522,-87.689522,41.764668,2642 W 71ST ST,2642 W 71st St,2160567,12/11/2016 19:30,P914958,IL,APP,964070,SNOW ROUTE: 2'' OF SNOW OR MORE,8,FLNR,60,TRUE,12/11/2016 19:30
2646 W 71ST ST,,,,,,,,,0.808,dstk,41.764666,-87.689638,-87.689638,41.764666,2646 W 71ST ST,2646 W 71st St,2160569,12/11/2016 21:31,V881211,IL,PAS,964070,SNOW ROUTE: 2'' OF SNOW OR MORE,8,CADI,60,TRUE,12/11/2016 21:31
2646 W 71ST ST,,,,,,,,,0.808,dstk,41.764666,-87.689638,-87.689638,41.764666,2646 W 71ST ST,2646 W 71st St,2160570,12/11/2016 21:33,Y197088,OH,TMP,964070,SNOW ROUTE: 2'' OF SNOW OR MORE,8,SATR,60,TRUE,12/11/2016 21:33
1915 W 71ST,1915,WEST,71ST,-87.6718033,41.7646475,1915 WEST 71ST STREET,W,1915 W 71ST,,,,,-87.6718033,41.7646475,,,2163889,12/4/2016 19:53,X128690,IL,PAS,964070,SNOW ROUTE: 2'' OF SNOW OR MORE,140,FORD,60,TRUE,12/4/2016 19:53
1843 W 71ST,1843,WEST,71ST,-87.6704016,41.7646539,1843 WEST 71ST STREET,W,1843 W 71ST,,,,,-87.6704016,41.7646539,,,2163890,12/4/2016 19:57,E991968,IL,PAS,964070,SNOW ROUTE: 2'' OF SNOW OR MORE,140,CHEV,60,TRUE,12/4/2016 19:57
1737 W 71ST,1737,WEST,71ST,-87.667696,41.7646612,1737 WEST 71ST STREET,W,1737 W 71ST,,,,,-87.667696,41.7646612,,,2163891,12/4/2016 19:59,49831UB,IL,TRK,964070,SNOW ROUTE: 2'' OF SNOW OR MORE,140,CHEV,60,TRUE,12/4/2016 19:59
7126 S DAMEN,7126,SOUTH,DAMEN,-87.6737866,41.7639785,7126 SOUTH DAMEN AVENUE,S,7126 S DAMEN,,,,,-87.6737866,41.7639785,,,2164088,12/10/2016 21:50,Z359190,IL,PAS,964070,SNOW ROUTE: 2'' OF SNOW OR MORE,7,CHEV,60,TRUE,12/10/2016 21:50
7144 S DAMEN,7144,SOUTH,DAMEN,-87.6737642,41.7634534,7144 SOUTH DAMEN AVENUE,S,7144 S DAMEN,,,,,-87.6737642,41.7634534,,,2164089,12/10/2016 21:52,V916544,IL,PAS,964070,SNOW ROUTE: 2'' OF SNOW OR MORE,7,NISS,60,TRUE,12/10/2016 21:52
7220 S DAMEN,7220,SOUTH,DAMEN,-87.6737365,41.7623175,7220 SOUTH DAMEN AVENUE,S,7220 S DAMEN,,,,,-87.6737365,41.7623175,,,2164090,12/10/2016 21:55,X431150,IL,PAS,964070,SNOW ROUTE: 2'' OF SNOW OR MORE,7,CHRY,60,TRUE,12/10/2016 21:55
7214 S DAMEN,7214,SOUTH,DAMEN,-87.6737498,41.76245,7214 SOUTH DAMEN AVENUE,S,7214 S DAMEN,,,,,-87.6737498,41.76245,,,2164091,12/10/2016 21:59,N245792,IL,PAS,964070,SNOW ROUTE: 2'' OF SNOW OR MORE,7,FORD,60,TRUE,12/10/2016 21:59
2911 E 87TH ST,,,,,,,,,0.808,dstk,41.737272,-87.554029,-87.554029,41.737272,2911 E 87TH ST,2911 E 87th St,2164336,12/11/2016 2:34,Q138295,IL,PAS,964070,SNOW ROUTE: 2'' OF SNOW OR MORE,4,FORD,60,TRUE,12/11/2016 2:34
2935 E 87TH ST,,,,,,,,,0.808,dstk,41.737361,-87.552809,-87.552809,41.737361,2935 E 87TH ST,2935 E 87th St,2164337,12/11/2016 2:38,Y839471,IL,PAS,964070,SNOW ROUTE: 2'' OF SNOW OR MORE,4,DODG,60,TRUE,12/11/2016 2:38
1337 E 63RD ST,,,,,,,,,0.808,dstk,41.780476,-87.593524,-87.593524,41.780476,1337 E 63RD ST,1337 E 63rd St,2164388,12/13/2016 13:13,S769576,IL,PAS,964070,SNOW ROUTE: 2'' OF SNOW OR MORE,3,DODG,60,TRUE,12/13/2016 13:13
1335 E 63RD,,,,,,,,,0.74,dstk,41.780475,-87.593586,-87.593586,41.780475,1335 E 63RD,1335 E 63rd St,2164389,12/13/2016 13:25,V573447,IL,PAS,964070,SNOW ROUTE: 2'' OF SNOW OR MORE,3,HOND,60,TRUE,12/13/2016 13:25
1333 E 63RD,,,,,,,,,0.74,dstk,41.780474,-87.593648,-87.593648,41.780474,1333 E 63RD,1333 E 63rd St,2164390,12/13/2016 13:27,606ASG,IN,PAS,964070,SNOW ROUTE: 2'' OF SNOW OR MORE,3,CHEV,60,TRUE,12/13/2016 13:27
5427 N CENTRAL,5427,NORTH,CENTRAL,-87.7681105,41.9801363,5427 NORTH CENTRAL AVENUE,N,5427 N CENTRAL,,,,,-87.7681105,41.9801363,,,2164552,12/10/2016 3:05,DKU9527,MI,PAS,964070,SNOW ROUTE: 2'' OF SNOW OR MORE,16,DODG,60,TRUE,12/10/2016 3:05
4438 N CENTRAL,,,,,,,,,0.755,dstk,41.961479,-87.767348,-87.767348,41.961479,4438 N CENTRAL,4438 N Central Ave,2164553,12/10/2016 3:14,RIB719,IN,PAS,964070,SNOW ROUTE: 2'' OF SNOW OR MORE,16,TOYT,60,TRUE,12/10/2016 3:14
4355 N MILWAUKEE,4355,NORTH,MILWAUKEE,-87.7537616,41.9602696,4355 NORTH MILWAUKEE AVENUE,N,4355 N MILWAUKEE,,,,,-87.7537616,41.9602696,,,2164554,12/11/2016 3:19,H821507,IL,PAS,964070,SNOW ROUTE: 2'' OF SNOW OR MORE,16,FORD,60,TRUE,12/11/2016 3:19
4228 N MILWAUKEE,4228,NORTH,MILWAUKEE,-87.7523126,41.9577817,4228 NORTH MILWAUKEE AVENUE,N,4228 N MILWAUKEE,,,,,-87.7523126,41.9577817,,,2164555,12/11/2016 3:24,E890905,IL,PAS,964070,SNOW ROUTE: 2'' OF SNOW OR MORE,16,HOND,60,TRUE,12/11/2016 3:24
4213 N MILWAUKEE,4213,NORTH,MILWAUKEE,-87.7514265,41.9574512,4213 NORTH MILWAUKEE AVENUE,N,4213 N MILWAUKEE,,,,,-87.7514265,41.9574512,,,2164556,12/11/2016 3:25,N863103,IL,PAS,964070,SNOW ROUTE: 2'' OF SNOW OR MORE,16,NISS,60,TRUE,12/11/2016 3:25
8003 S EXCHANGE,,,,,,,,,0.759,dstk,41.750032,-87.552788,-87.552788,41.750032,8003 S EXCHANGE,8003 S Exchange Ave,2164704,12/11/2016 17:00,Y742178,IL,PAS,964070,SNOW ROUTE: 2'' OF SNOW OR MORE,4,CHRY,60,TRUE,12/11/2016 17:00
8014 S EXCHANGE AV,,,,,,,,,0.816,dstk,41.74962,-87.552931,-87.552931,41.74962,8014 S EXCHANGE AV,8014 S Exchange Ave,2164705,12/11/2016 17:07,Y747308,IL,PAS,964070,SNOW ROUTE: 2'' OF SNOW OR MORE,4,NISS,60,TRUE,12/11/2016 17:07
8050 S EXCHANGE,8050,SOUTH,EXCHANGE,-87.5531689,41.7485926,8050 SOUTH EXCHANGE AVENUE,S,8050 S EXCHANGE,,,,,-87.5531689,41.7485926,,,2164706,12/11/2016 17:15,9819LY,IL,PAS,964070,SNOW ROUTE: 2'' OF SNOW OR MORE,4,LINC,60,TRUE,12/11/2016 17:15
6417 S DAMEN,6417,SOUTH,DAMEN,-87.6736159,41.7769943,6417 SOUTH DAMEN AVENUE,S,6417 S DAMEN,,,,,-87.6736159,41.7769943,,,2165464,12/11/2016 3:07,4896103,IL,PAS,964070,SNOW ROUTE: 2'' OF SNOW OR MORE,7,HOND,60,TRUE,12/11/2016 3:07
6508 S DAMEN,6508,SOUTH,DAMEN,-87.6740695,41.7753763,6508 SOUTH DAMEN AVENUE,S,6508 S DAMEN,,,,,-87.6740695,41.7753763,,,2165465,12/11/2016 3:19,Q702211,IL,PAS,964070,SNOW ROUTE: 2'' OF SNOW OR MORE,7,CHEV,60,TRUE,12/11/2016 3:19
6514 S DAMEN,6514,SOUTH,DAMEN,-87.6740723,41.7751703,6514 SOUTH DAMEN AVENUE,S,6514 S DAMEN,,,,,-87.6740723,41.7751703,,,2165466,12/11/2016 3:20,Z211716,IL,PAS,964070,SNOW ROUTE: 2'' OF SNOW OR MORE,7,HUMM,60,TRUE,12/11/2016 3:20
6512 S DAMEN,6512,SOUTH,DAMEN,-87.6740615,41.775238,6512 SOUTH DAMEN AVENUE,S,6512 S DAMEN,,,,,-87.6740615,41.775238,,,2165467,12/11/2016 3:25,Q731476,IL,PAS,964070,SNOW ROUTE: 2'' OF SNOW OR MORE,7,FORD,60,TRUE,12/11/2016 3:25
6638 S DAMEN,,,,,,,,,0.75,Bing,41.77262865,-87.67379522,-87.67379522,41.77262865,6638 S DAMEN,"6638 S Damen Ave, Chicago, IL 60636, United States",2165468,12/11/2016 3:30,E813874,IL,PAS,964070,SNOW ROUTE: 2'' OF SNOW OR MORE,7,HYUN,60,TRUE,12/11/2016 3:30
6629 S DAMEN,6629,SOUTH,DAMEN,-87.6734894,41.7730236,6629 SOUTH DAMEN AVENUE,S,6629 S DAMEN,,,,,-87.6734894,41.7730236,,,2165469,12/11/2016 3:45,Q473007,IL,PAS,964070,SNOW ROUTE: 2'' OF SNOW OR MORE,7,FORD,60,TRUE,12/11/2016 3:45
6629 S DAMEN,6629,SOUTH,DAMEN,-87.6734894,41.7730236,6629 SOUTH DAMEN AVENUE,S,6629 S DAMEN,,,,,-87.6734894,41.7730236,,,2193175,12/11/2016 19:13,Q473007,IL,PAS,964070,SNOW ROUTE: 2'' OF SNOW OR MORE,7,FORD,60,TRUE,12/11/2016 19:13
6927 S DAMEN,6927,SOUTH,DAMEN,-87.6733443,41.7676374,6927 SOUTH DAMEN AVENUE,S,6927 S DAMEN,,,,,-87.6733443,41.7676374,,,2165548,12/10/2016 21:45,R193447,IL,PAS,964070,SNOW ROUTE: 2'' OF SNOW OR MORE,7,BUIC,60,TRUE,12/10/2016 21:45
6955 S DAMEN,,,,,,,,,0.75,Bing,41.76717035,-87.67353773,-87.67353773,41.76717035,6955 S DAMEN,"6955 S Damen Ave, Chicago, IL 60636, United States",2165549,12/10/2016 21:47,Q527122,IL,PAS,964070,SNOW ROUTE: 2'' OF SNOW OR MORE,7,HOND,60,TRUE,12/10/2016 21:47
7116 S DAMEN,,,,,,,,,0.75,Bing,41.76428223,-87.6738739,-87.6738739,41.76428223,7116 S DAMEN,"7116 S Damen Ave, Chicago, IL 60636, United States",2165550,12/10/2016 21:49,V565407,IL,PAS,964070,SNOW ROUTE: 2'' OF SNOW OR MORE,7,CHEV,60,TRUE,12/10/2016 21:49
7122 S DAMEN,7122,SOUTH,DAMEN,-87.6737892,41.7640604,7122 SOUTH DAMEN AVENUE,S,7122 S DAMEN,,,,,-87.6737892,41.7640604,,,2165551,12/10/2016 21:51,E699915,IL,PAS,964070,SNOW ROUTE: 2'' OF SNOW OR MORE,7,CHEV,60,TRUE,12/10/2016 21:51
7200 S DAMEN,7200,SOUTH,DAMEN,-87.6737564,41.7628428,7200 SOUTH DAMEN AVENUE,S,7200 S DAMEN,,,,,-87.6737564,41.7628428,,,2165552,12/10/2016 21:54,13082LE,IL,PML,964070,SNOW ROUTE: 2'' OF SNOW OR MORE,7,NISS,60,TRUE,12/10/2016 21:54
9930 S COMMERCIAL,9930,SOUTH,COMMERCIAL,-87.5512823,41.7145262,9930 SOUTH COMMERCIAL AVENUE,S,9930 S COMMERCIAL,,,,,-87.5512823,41.7145262,,,2165755,12/11/2016 5:50,G173794,IL,PAS,964070,SNOW ROUTE: 2'' OF SNOW OR MORE,4,NISS,60,TRUE,12/11/2016 5:50
9930 S COMMERCIAL,9930,SOUTH,COMMERCIAL,-87.5512823,41.7145262,9930 SOUTH COMMERCIAL AVENUE,S,9930 S COMMERCIAL,,,,,-87.5512823,41.7145262,,,2165756,12/11/2016 5:50,P934010,IL,PAS,964070,SNOW ROUTE: 2'' OF SNOW OR MORE,4,FORD,60,TRUE,12/11/2016 5:50
9940 S COMMERCIAL,,,,,,,,,0.766,dstk,41.714613,-87.551037,-87.551037,41.714613,9940 S COMMERCIAL,9940 S Commercial Ave,2165757,12/11/2016 5:50,N761511,IL,PAS,964070,SNOW ROUTE: 2'' OF SNOW OR MORE,4,CHEV,60,TRUE,12/11/2016 5:50
2938 E 87TH,,,,,,,,,0.74,dstk,41.73744,-87.552546,-87.552546,41.73744,2938 E 87TH,2938 E 87th St,2165774,12/11/2016 2:30,Q132379,IL,PAS,964070,SNOW ROUTE: 2'' OF SNOW OR MORE,4,TOYT,60,TRUE,12/11/2016 2:30
6640 S DAMEN,6640,SOUTH,DAMEN,-87.6739698,41.7727029,6640 SOUTH DAMEN AVENUE,S,6640 S DAMEN,,,,,-87.6739698,41.7727029,,,2165863,12/11/2016 3:30,CDX667,IA,PAS,964070,SNOW ROUTE: 2'' OF SNOW OR MORE,7,VOLK,60,TRUE,12/11/2016 3:30
6643 S DAMEN,,,,,,,,,0.75,Bing,41.77263133,-87.67367519,-87.67367519,41.77263133,6643 S DAMEN,"6643 S Damen Ave, Chicago, IL 60636, United States",2165864,12/11/2016 3:39,2126822,IL,PAS,964070,SNOW ROUTE: 2'' OF SNOW OR MORE,7,JEEP,60,TRUE,12/11/2016 3:39
6641 S DAMEN,,,,,,,,,0.75,Bing,41.77267456,-87.67338562,-87.67338562,41.77267456,6641 S DAMEN,"6641 S Damen Ave, Chicago, IL 60636, United States",2165865,12/11/2016 3:40,2265667,IL,PAS,964070,SNOW ROUTE: 2'' OF SNOW OR MORE,7,KIA,60,TRUE,12/11/2016 3:40
6627 S DAMEN,6627,SOUTH,DAMEN,-87.6734938,41.7730889,6627 SOUTH DAMEN AVENUE,S,6627 S DAMEN,,,,,-87.6734938,41.7730889,,,2165866,12/11/2016 3:48,746S546,IL,TMP,964070,SNOW ROUTE: 2'' OF SNOW OR MORE,7,CADI,60,TRUE,12/11/2016 3:48
6824 S WESTERN,6824,SOUTH,WESTERN,-87.6837516,41.769342,6824 SOUTH WESTERN AVENUE,S,6824 S WESTERN,,,,,-87.6837516,41.769342,,,2166019,12/10/2016 20:23,E961245,IL,PAS,964070,SNOW ROUTE: 2'' OF SNOW OR MORE,8,HUMM,60,TRUE,12/10/2016 20:23
451 E 71ST ST,,,,,,,,,0.808,dstk,41.765666,-87.613427,-87.613427,41.765666,451 E 71ST ST,451 E 71st St,2166649,12/11/2016 7:40,Z677296,IL,PAS,964070,SNOW ROUTE: 2'' OF SNOW OR MORE,3,CADI,60,TRUE,12/11/2016 7:40
453 E 71ST ST,,,,,,,,,0.808,dstk,41.765667,-87.613409,-87.613409,41.765667,453 E 71ST ST,453 E 71st St,2166650,12/11/2016 7:43,Q748821,IL,PAS,964070,SNOW ROUTE: 2'' OF SNOW OR MORE,3,HYUN,60,TRUE,12/11/2016 7:43
525 E 71ST ST,,,,,,,,,0.808,dstk,41.765693,-87.61198,-87.61198,41.765693,525 E 71ST ST,525 E 71st St,2166651,12/11/2016 7:49,S896037,IL,PAS,964070,SNOW ROUTE: 2'' OF SNOW OR MORE,3,MERC,60,TRUE,12/11/2016 7:49
521 E 71ST ST,,,,,,,,,0.808,dstk,41.765689,-87.612108,-87.612108,41.765689,521 E 71ST ST,521 E 71st St,2166652,12/11/2016 7:52,Q962209,IL,PAS,964070,SNOW ROUTE: 2'' OF SNOW OR MORE,3,FORD,60,TRUE,12/11/2016 7:52
414 E 71ST STRERET,,,,,,,,,0.728,dstk,41.76572,-87.614656,-87.614656,41.76572,414 E 71ST STRERET,414 E 71st St,2166768,12/12/2016 3:19,WTK707,IN,PAS,964070,SNOW ROUTE: 2'' OF SNOW OR MORE,3,BUIC,60,TRUE,12/12/2016 3:19
411 E 71 STREET,,,,,,,,,0.789,dstk,41.765642,-87.614876,-87.614876,41.765642,411 E 71 STREET,411 E 71st St,2166787,12/11/2016 7:38,103T006,IL,TMP,964070,SNOW ROUTE: 2'' OF SNOW OR MORE,3,DODG,60,TRUE,12/11/2016 7:38
411 E 711 STREET,,,,,,,,,0.75,Bing,41.881004,-87.789726,-87.789726,41.881004,411 E 711 STREET,"411 S East Ave, Oak Park, IL 60302, United States",2166788,12/11/2016 7:40,XTK707,IN,PAS,964070,SNOW ROUTE: 2'' OF SNOW OR MORE,3,BUIC,60,TRUE,12/11/2016 7:40
8004 S EXCHANGE,,,,,,,,,0.759,dstk,41.749958,-87.552937,-87.552937,41.749958,8004 S EXCHANGE,8004 S Exchange Ave,2166809,12/11/2016 17:02,Y772766,IL,PAS,964070,SNOW ROUTE: 2'' OF SNOW OR MORE,4,CHEV,60,TRUE,12/11/2016 17:02
8141 S EXCHANGE,,,,,,,,,0.759,dstk,41.747241,-87.552734,-87.552734,41.747241,8141 S EXCHANGE,8141 S Exchange Ave,2166811,12/11/2016 17:16,9223001,IL,PAS,964070,SNOW ROUTE: 2'' OF SNOW OR MORE,4,DODG,60,TRUE,12/11/2016 17:16
8149 S EXCHANGE,8149,SOUTH,EXCHANGE,-87.5525306,41.7468234,8149 SOUTH EXCHANGE AVENUE,S,8149 S EXCHANGE,,,,,-87.5525306,41.7468234,,,2166812,12/11/2016 17:18,Q731733,IL,PAS,964070,SNOW ROUTE: 2'' OF SNOW OR MORE,4,NISS,60,TRUE,12/11/2016 17:18
8147 S EXCHANGE,,,,,,,,,0.759,dstk,41.74716,-87.552732,-87.552732,41.74716,8147 S EXCHANGE,8147 S Exchange Ave,2166813,12/11/2016 17:19,Q520567,IL,PAS,964070,SNOW ROUTE: 2'' OF SNOW OR MORE,4,VOLV,60,TRUE,12/11/2016 17:19
8147 S EXCHANGE,,,,,,,,,0.759,dstk,41.74716,-87.552732,-87.552732,41.74716,8147 S EXCHANGE,8147 S Exchange Ave,2166814,12/11/2016 17:21,Z251517,IL,PAS,964070,SNOW ROUTE: 2'' OF SNOW OR MORE,4,VOLK,60,TRUE,12/11/2016 17:21
8212 S EXCHANGE,8212,SOUTH,EXCHANGE,-87.5530786,41.7459943,8212 SOUTH EXCHANGE AVENUE,S,8212 S EXCHANGE,,,,,-87.5530786,41.7459943,,,2166815,12/11/2016 17:27,Q464506,IL,PAS,964070,SNOW ROUTE: 2'' OF SNOW OR MORE,4,CHRY,60,TRUE,12/11/2016 17:27
8212 S EXCHANGE,8212,SOUTH,EXCHANGE,-87.5530786,41.7459943,8212 SOUTH EXCHANGE AVENUE,S,8212 S EXCHANGE,,,,,-87.5530786,41.7459943,,,2166818,12/11/2016 17:29,6460891,IL,PAS,964070,SNOW ROUTE: 2'' OF SNOW OR MORE,4,INFI,60,TRUE,12/11/2016 17:29
8212 S EXCHANGE,8212,SOUTH,EXCHANGE,-87.5530786,41.7459943,8212 SOUTH EXCHANGE AVENUE,S,8212 S EXCHANGE,,,,,-87.5530786,41.7459943,,,2166819,12/11/2016 17:29,S249326,IL,PAS,964070,SNOW ROUTE: 2'' OF SNOW OR MORE,4,CHEV,60,TRUE,12/11/2016 17:29
8204 S EXCHANGE,8204,SOUTH,EXCHANGE,-87.5530857,41.7461967,8204 SOUTH EXCHANGE AVENUE,S,8204 S EXCHANGE,,,,,-87.5530857,41.7461967,,,2166817,12/11/2016 17:28,Y735785,IL,PAS,964070,SNOW ROUTE: 2'' OF SNOW OR MORE,4,CHEV,60,TRUE,12/11/2016 17:28
8218 S EXCHANGE,8218,SOUTH,EXCHANGE,-87.5530666,41.7458531,8218 SOUTH EXCHANGE AVENUE,S,8218 S EXCHANGE,,,,,-87.5530666,41.7458531,,,2166820,12/11/2016 17:30,E208625,IL,PAS,964070,SNOW ROUTE: 2'' OF SNOW OR MORE,4,TOYT,60,TRUE,12/11/2016 17:30
8218 S EXCHANGE,8218,SOUTH,EXCHANGE,-87.5530666,41.7458531,8218 SOUTH EXCHANGE AVENUE,S,8218 S EXCHANGE,,,,,-87.5530666,41.7458531,,,2166821,12/11/2016 17:30,DL6703,IL,DLC,964070,SNOW ROUTE: 2'' OF SNOW OR MORE,4,NISS,60,TRUE,12/11/2016 17:30
8218 S EXCHANGE,8218,SOUTH,EXCHANGE,-87.5530666,41.7458531,8218 SOUTH EXCHANGE AVENUE,S,8218 S EXCHANGE,,,,,-87.5530666,41.7458531,,,2166822,12/11/2016 17:31,L743011,IL,PAS,964070,SNOW ROUTE: 2'' OF SNOW OR MORE,4,TOYT,60,TRUE,12/11/2016 17:31
8218 S EXCHANGE,8218,SOUTH,EXCHANGE,-87.5530666,41.7458531,8218 SOUTH EXCHANGE AVENUE,S,8218 S EXCHANGE,,,,,-87.5530666,41.7458531,,,2166823,12/11/2016 17:31,S397232,IL,PAS,964070,SNOW ROUTE: 2'' OF SNOW OR MORE,4,TOYT,60,TRUE,12/11/2016 17:31
9640 S COMMERCIAL,9640,SOUTH,COMMERCIAL,-87.5513066,41.7196852,9640 SOUTH COMMERCIAL AVENUE,S,9640 S COMMERCIAL,,,,,-87.5513066,41.7196852,,,2166824,12/11/2016 18:17,L841698,IL,PAS,964070,SNOW ROUTE: 2'' OF SNOW OR MORE,4,CHEV,60,TRUE,12/11/2016 18:17
9730 S COMMERCIAL,9730,SOUTH,COMMERCIAL,-87.5513414,41.7181433,9730 SOUTH COMMERCIAL AVENUE,S,9730 S COMMERCIAL,,,,,-87.5513414,41.7181433,,,2166825,12/11/2016 17:18,Z718568,IL,PAS,964070,SNOW ROUTE: 2'' OF SNOW OR MORE,4,JEEP,60,TRUE,12/11/2016 17:18
9948 S COMMERCIAL,9948,SOUTH,COMMERCIAL,-87.5512753,41.7139746,9948 SOUTH COMMERCIAL AVENUE,S,9948 S COMMERCIAL,,,,,-87.5512753,41.7139746,,,2166826,12/11/2016 18:20,S209710,IL,PAS,964070,SNOW ROUTE: 2'' OF SNOW OR MORE,4,CHEV,60,TRUE,12/11/2016 18:20
9729 S COMMERCIAL,9729,SOUTH,COMMERCIAL,-87.5507468,41.7182148,9729 SOUTH COMMERCIAL AVENUE,S,9729 S COMMERCIAL,,,,,-87.5507468,41.7182148,,,2166827,12/11/2016 21:22,Y714396,IL,PAS,964070,SNOW ROUTE: 2'' OF SNOW OR MORE,4,NISS,60,TRUE,12/11/2016 21:22
9630 S COMMERCIAL,9630,SOUTH,COMMERCIAL,-87.5513046,41.7199654,9630 SOUTH COMMERCIAL AVENUE,S,9630 S COMMERCIAL,,,,,-87.5513046,41.7199654,,,2166828,12/11/2016 21:26,E129450,IL,PAS,964070,SNOW ROUTE: 2'' OF SNOW OR MORE,4,JEEP,60,TRUE,12/11/2016 21:26
9632 S COMMERCIAL,,,,,,,,,0.766,dstk,41.720342,-87.551121,-87.551121,41.720342,9632 S COMMERCIAL,9632 S Commercial Ave,2166829,12/11/2016 21:27,R864123,IL,PAS,964070,SNOW ROUTE: 2'' OF SNOW OR MORE,4,JEEP,60,TRUE,12/11/2016 21:27
9634 S COMMERCIAL,9634,SOUTH,COMMERCIAL,-87.5513451,41.7198863,9634 SOUTH COMMERCIAL AVENUE,S,9634 S COMMERCIAL,,,,,-87.5513451,41.7198863,,,2166830,12/11/2016 21:28,L841698,IL,PAS,964070,SNOW ROUTE: 2'' OF SNOW OR MORE,4,CHEV,60,TRUE,12/11/2016 21:28
9954 S COMMERCIAL,9954,SOUTH,COMMERCIAL,-87.5512949,41.713839,9954 SOUTH COMMERCIAL AVENUE,S,9954 S COMMERCIAL,,,,,-87.5512949,41.713839,,,2166831,12/11/2016 21:38,N761511,IL,PAS,964070,SNOW ROUTE: 2'' OF SNOW OR MORE,4,CHEV,60,TRUE,12/11/2016 21:38
9956 S COMMERCIAL,9956,SOUTH,COMMERCIAL,-87.5512751,41.7137704,9956 SOUTH COMMERCIAL AVENUE,S,9956 S COMMERCIAL,,,,,-87.5512751,41.7137704,,,2166832,12/11/2016 21:40,E610765,IL,PAS,964070,SNOW ROUTE: 2'' OF SNOW OR MORE,4,SATR,60,TRUE,12/11/2016 21:40
9956 S COMMERCIAL,9956,SOUTH,COMMERCIAL,-87.5512751,41.7137704,9956 SOUTH COMMERCIAL AVENUE,S,9956 S COMMERCIAL,,,,,-87.5512751,41.7137704,,,2166833,12/11/2016 21:41,V858778,IL,PAS,964070,SNOW ROUTE: 2'' OF SNOW OR MORE,4,TOYT,60,TRUE,12/11/2016 21:41
9958 S COMMERCIAL,9958,SOUTH,COMMERCIAL,-87.5512708,41.7137018,9958 SOUTH COMMERCIAL AVENUE,S,9958 S COMMERCIAL,,,,,-87.5512708,41.7137018,,,2166834,12/11/2016 21:43,GUP1486,OH,PAS,964070,SNOW ROUTE: 2'' OF SNOW OR MORE,4,CHEV,60,TRUE,12/11/2016 21:43
10034 S COMMERCIAL,10034,SOUTH,COMMERCIAL,-87.5516461,41.7124157,10034 SOUTH COMMERCIAL AVENUE,S,10034 S COMMERCIAL,,,,,-87.5516461,41.7124157,,,2166835,12/11/2016 21:45,N242566,IL,PAS,964070,SNOW ROUTE: 2'' OF SNOW OR MORE,4,CHRY,60,TRUE,12/11/2016 21:45
10137 S COMMERCIAL,10137,SOUTH,COMMERCIAL,-87.5516149,41.7106858,10137 SOUTH COMMERCIAL AVENUE,S,10137 S COMMERCIAL,,,,,-87.5516149,41.7106858,,,2166836,12/11/2016 21:47,Q468183,IL,PAS,964070,SNOW ROUTE: 2'' OF SNOW OR MORE,4,JEEP,60,TRUE,12/11/2016 21:47
10135 S COMMERCIAL,10135,SOUTH,COMMERCIAL,-87.551386,41.7107548,10135 SOUTH COMMERCIAL AVENUE,S,10135 S COMMERCIAL,,,,,-87.551386,41.7107548,,,2166837,12/11/2016 21:48,Z134852,IL,PAS,964070,SNOW ROUTE: 2'' OF SNOW OR MORE,4,FORD,60,TRUE,12/11/2016 21:48
2939 N ASHLAND,2939,NORTH,ASHLAND,-87.6681954,41.9354054,2939 NORTH ASHLAND AVENUE,N,2939 N ASHLAND,,,,,-87.6681954,41.9354054,,,2167122,12/11/2016 1:25,X535401,IL,PAS,964070,SNOW ROUTE: 2'' OF SNOW OR MORE,19,HOND,60,TRUE,12/11/2016 1:25
2939 N ASHLAND,2939,NORTH,ASHLAND,-87.6681954,41.9354054,2939 NORTH ASHLAND AVENUE,N,2939 N ASHLAND,,,,,-87.6681954,41.9354054,,,2188083,12/17/2016 0:05,E458088,IL,PAS,964070,SNOW ROUTE: 2'' OF SNOW OR MORE,19,DODG,60,TRUE,12/17/2016 0:05
2949 N ASHLAND,2949,NORTH,ASHLAND,-87.6681668,41.9357114,2949 NORTH ASHLAND AVENUE,N,2949 N ASHLAND,,,,,-87.6681668,41.9357114,,,2167123,12/11/2016 1:31,N951173,IL,PAS,964070,SNOW ROUTE: 2'' OF SNOW OR MORE,19,FORD,60,TRUE,12/11/2016 1:31
2949 N ASHLAND,2949,NORTH,ASHLAND,-87.6681668,41.9357114,2949 NORTH ASHLAND AVENUE,N,2949 N ASHLAND,,,,,-87.6681668,41.9357114,,,2188087,12/17/2016 0:24,Z811003,IL,PAS,964070,SNOW ROUTE: 2'' OF SNOW OR MORE,19,PONT,60,TRUE,12/17/2016 0:24
2949 N ASHLAND,2949,NORTH,ASHLAND,-87.6681668,41.9357114,2949 NORTH ASHLAND AVENUE,N,2949 N ASHLAND,,,,,-87.6681668,41.9357114,,,2188088,12/17/2016 0:30,E935476,IL,PAS,964070,SNOW ROUTE: 2'' OF SNOW OR MORE,19,FORD,60,TRUE,12/17/2016 0:30
2532 W 71ST,,,,,,,,,0.74,dstk,41.764711,-87.686969,-87.686969,41.764711,2532 W 71ST,2532 W 71st St,2167788,12/12/2016 0:16,Z234437,IL,PAS,964070,SNOW ROUTE: 2'' OF SNOW OR MORE,8,BUIC,60,TRUE,12/12/2016 0:16
2532 W 71ST,,,,,,,,,0.74,dstk,41.764711,-87.686969,-87.686969,41.764711,2532 W 71ST,2532 W 71st St,2167789,12/12/2016 0:22,ZX26741,IL,PAS,964070,SNOW ROUTE: 2'' OF SNOW OR MORE,8,DODG,60,TRUE,12/12/2016 0:22
2549 W 71ST,2549,WEST,71ST,-87.687682,41.7644552,2549 WEST 71ST STREET,W,2549 W 71ST,,,,,-87.687682,41.7644552,,,2167790,12/12/2016 0:26,1449828B,IL,PAS,964070,SNOW ROUTE: 2'' OF SNOW OR MORE,8,FORD,60,TRUE,12/12/2016 0:26
7948 S ASHALND,,,,,,,,,0.732,dstk,41.749459,-87.663494,-87.663494,41.749459,7948 S ASHALND,7948 S Ashland Ave,2170794,12/11/2016 21:20,S449879,IL,PAS,964070,SNOW ROUTE: 2'' OF SNOW OR MORE,212,CHEV,60,TRUE,12/11/2016 21:20
4032 W CERMAK,4032,WEST,CERMAK,-87.7261287,41.8518604,4032 WEST CERMAK ROAD,W,4032 W CERMAK,,,,,-87.7261287,41.8518604,,,2171371,12/11/2016 22:00,Q404754,IL,PAS,964070,SNOW ROUTE: 2'' OF SNOW OR MORE,10,LEXU,60,TRUE,12/11/2016 22:00
4048 W CERMAK,4048,WEST,CERMAK,-87.726678,41.8518572,4048 WEST CERMAK ROAD,W,4048 W CERMAK,,,,,-87.726678,41.8518572,,,2171372,12/11/2016 22:03,Q627067,IL,PAS,964070,SNOW ROUTE: 2'' OF SNOW OR MORE,10,CHEV,60,TRUE,12/11/2016 22:03
354 E 71ST ST,,,,,,,,,0.808,dstk,41.765762,-87.616428,-87.616428,41.765762,354 E 71ST ST,354 E 71st St,2173735,12/11/2016 7:09,Q479019,IL,PAS,964070,SNOW ROUTE: 2'' OF SNOW OR MORE,3,CHEV,60,TRUE,12/11/2016 7:09
1036 W 87TH ST,,,,,,,,,0.808,dstk,41.736059,-87.649733,-87.649733,41.736059,1036 W 87TH ST,1036 W 87th St,2173846,12/11/2016 21:27,194T883,IL,TMP,964070,SNOW ROUTE: 2'' OF SNOW OR MORE,212,NISS,60,TRUE,12/11/2016 21:27
8031 S HALSTED,,,,,,,,,0.772,dstk,41.748262,-87.643897,-87.643897,41.748262,8031 S HALSTED,8031 S Halsted St,2173847,12/11/2016 21:43,A615911,IL,PAS,964070,SNOW ROUTE: 2'' OF SNOW OR MORE,212,FORD,60,TRUE,12/11/2016 21:43
5527 S CALIFORNIA,5527,SOUTH,CALIFORNIA,-87.6934914,41.7928503,5527 SOUTH CALIFORNIA AVENUE,S,5527 S CALIFORNIA,,,,,-87.6934914,41.7928503,,,2174253,12/12/2016 10:20,657P984,IL,PAS,964070,SNOW ROUTE: 2'' OF SNOW OR MORE,8,CHEV,60,TRUE,12/12/2016 10:20
7332 S HALSTED,7332,SOUTH,HALSTED,-87.6445498,41.7605511,7332 SOUTH HALSTED STREET,S,7332 S HALSTED,,,,,-87.6445498,41.7605511,,,2174488,12/11/2016 20:47,ZX30583,IL,PAS,964070,SNOW ROUTE: 2'' OF SNOW OR MORE,312,NISS,60,TRUE,12/11/2016 20:47
922 W 71ST ST,,,,,,,,,0.808,dstk,41.765225,-87.647614,-87.647614,41.765225,922 W 71ST ST,922 W 71st St,2174489,12/11/2016 20:57,X469520,IL,PAS,964070,SNOW ROUTE: 2'' OF SNOW OR MORE,312,CHEV,60,TRUE,12/11/2016 20:57
936 W 71ST ST,,,,,,,,,0.808,dstk,41.765221,-87.648136,-87.648136,41.765221,936 W 71ST ST,936 W 71st St,2174490,12/11/2016 20:58,Z728316,IL,PAS,964070,SNOW ROUTE: 2'' OF SNOW OR MORE,312,JEEP,60,TRUE,12/11/2016 20:58
936 W 71ST ST,,,,,,,,,0.808,dstk,41.765221,-87.648136,-87.648136,41.765221,936 W 71ST ST,936 W 71st St,2174491,12/11/2016 21:00,Q456640,IL,PAS,964070,SNOW ROUTE: 2'' OF SNOW OR MORE,312,PONT,60,TRUE,12/11/2016 21:00
7142 S VINCENNES,,,,,,,,,0.763,dstk,41.764723,-87.628317,-87.628317,41.764723,7142 S VINCENNES,7142 S Vincennes Ave,2174494,12/11/2016 0:29,Q802805,IL,PAS,964070,SNOW ROUTE: 2'' OF SNOW OR MORE,312,NISS,60,TRUE,12/11/2016 0:29
7144 S VINCENNES,,,,,,,,,0.763,dstk,41.764685,-87.628331,-87.628331,41.764685,7144 S VINCENNES,7144 S Vincennes Ave,2174495,12/11/2016 0:31,K375045,IL,PAS,964070,SNOW ROUTE: 2'' OF SNOW OR MORE,312,SATR,60,TRUE,12/11/2016 0:31
8237 S DAMEN,8237,SOUTH,DAMEN,-87.6726838,41.743656,8237 SOUTH DAMEN AVENUE,S,8237 S DAMEN,,,,,-87.6726838,41.743656,,,2175596,12/11/2016 20:01,Z858382,IL,PAS,964070,SNOW ROUTE: 2'' OF SNOW OR MORE,6,SATR,60,TRUE,12/11/2016 20:01
8111 S ASHLAND,8111,SOUTH,ASHLAND,-87.6631018,41.7463135,8111 SOUTH ASHLAND AVENUE,S,8111 S ASHLAND,,,,,-87.6631018,41.7463135,,,2176339,12/11/2016 21:27,WMZ952,IN,PAS,964070,SNOW ROUTE: 2'' OF SNOW OR MORE,3,MERC,60,TRUE,12/11/2016 21:27
6909 S ASHLAND,6909,SOUTH,ASHLAND,-87.66365,41.7682305,6909 SOUTH ASHLAND AVENUE,S,6909 S ASHLAND,,,,,-87.66365,41.7682305,,,2177780,12/11/2016 22:26,Q702347,IL,PAS,964070,SNOW ROUTE: 2'' OF SNOW OR MORE,8,CHEV,60,TRUE,12/11/2016 22:26
6855 S ASHLAND,,,,,,,,,0.755,dstk,41.769387,-87.663868,-87.663868,41.769387,6855 S ASHLAND,6855 S Ashland Ave,2177781,12/11/2016 22:30,Q344758,IL,PAS,964070,SNOW ROUTE: 2'' OF SNOW OR MORE,8,CHEV,60,TRUE,12/11/2016 22:30
1710 W 71ST ST,,,,,,,,,0.808,dstk,41.76495,-87.666632,-87.666632,41.76495,1710 W 71ST ST,1710 W 71st St,2177782,12/11/2016 22:40,Q796191,IL,PAS,964070,SNOW ROUTE: 2'' OF SNOW OR MORE,8,CHRY,60,TRUE,12/11/2016 22:40
2593 N CANNON DR,,,,,,,,,0.841,dstk,41.92928,-87.635659,-87.635659,41.92928,2593 N CANNON DR,2593 N Cannon Dr,2184304,12/11/2016 22:27,E691330,IL,PAS,964070,SNOW ROUTE: 2'' OF SNOW OR MORE,145,TOYT,60,TRUE,12/11/2016 22:27
25899 N CANNON DR,,,,,,,,,1,OpenCage,41.9139354,-87.6273799,-87.6273799,41.9139354,25899 N CANNON DR,"North Cannon Drive, Chicago, IL 60614, United States of America",2184305,12/11/2016 22:48,S878407,IL,PAS,964070,SNOW ROUTE: 2'' OF SNOW OR MORE,145,MAZD,60,TRUE,12/11/2016 22:48
2603 N CANNON DR,,,,,,,,,0.841,dstk,41.929456,-87.635752,-87.635752,41.929456,2603 N CANNON DR,2603 N Cannon Dr,2184306,12/11/2016 23:00,E738693,IL,PAS,964070,SNOW ROUTE: 2'' OF SNOW OR MORE,145,MAZD,60,TRUE,12/11/2016 23:00
2602 N CANNON DR,,,,,,,,,0.719,dstk,41.929439,-87.635743,-87.635743,41.929439,2602 N CANNON DR,2602 N Cannon Dr,2184307,12/11/2016 23:01,Q903418,IL,PAS,964070,SNOW ROUTE: 2'' OF SNOW OR MORE,145,ACUR,60,TRUE,12/11/2016 23:01
3466 N LAKE SHORE DR,,,,,,,,,0.835,dstk,41.946201,-87.641592,-87.641592,41.946201,3466 N LAKE SHORE DR,3466 N Lake Shore Dr,2184309,12/12/2016 0:19,T487890,IL,PAS,964070,SNOW ROUTE: 2'' OF SNOW OR MORE,145,TOYT,60,TRUE,12/12/2016 0:19
2645 N CANNON DR,,,,,,,,,0.841,dstk,41.930164,-87.636325,-87.636325,41.930164,2645 N CANNON DR,2645 N Cannon Dr,2184327,12/11/2016 0:05,V296762,IL,PAS,964070,SNOW ROUTE: 2'' OF SNOW OR MORE,145,HYUN,60,TRUE,12/11/2016 0:05
2643 N CANNON DR,,,,,,,,,0.841,dstk,41.930092,-87.636371,-87.636371,41.930092,2643 N CANNON DR,2643 N Cannon Dr,2184328,12/11/2016 2:08,1507448B,IL,TRK,964070,SNOW ROUTE: 2'' OF SNOW OR MORE,145,FORD,60,TRUE,12/11/2016 2:08
2635 N CANNON DR,,,,,,,,,0.841,dstk,41.930022,-87.636167,-87.636167,41.930022,2635 N CANNON DR,2635 N Cannon Dr,2184329,12/11/2016 2:10,1602836B,IL,TRK,964070,SNOW ROUTE: 2'' OF SNOW OR MORE,145,FORD,60,TRUE,12/11/2016 2:10
2635 N CANNON DR,,,,,,,,,0.841,dstk,41.930022,-87.636167,-87.636167,41.930022,2635 N CANNON DR,2635 N Cannon Dr,2184340,12/16/2016 23:53,1602836B,IL,TRK,964070,SNOW ROUTE: 2'' OF SNOW OR MORE,145,FORD,60,TRUE,12/16/2016 23:53
2615 N CANNON DR,,,,,,,,,0.841,dstk,41.929669,-87.635864,-87.635864,41.929669,2615 N CANNON DR,2615 N Cannon Dr,2184330,12/11/2016 2:12,P549705,IL,PAS,964070,SNOW ROUTE: 2'' OF SNOW OR MORE,145,JEEP,60,TRUE,12/11/2016 2:12
2674 N CANNON DR,,,,,,,,,0.719,dstk,41.930693,-87.636611,-87.636611,41.930693,2674 N CANNON DR,2674 N Cannon Dr,2184331,12/13/2016 0:46,7KAT08,MI,PAS,964070,SNOW ROUTE: 2'' OF SNOW OR MORE,145,TOYT,60,TRUE,12/13/2016 0:46
2670 N CANNON DR,,,,,,,,,0.719,dstk,41.93062,-87.636572,-87.636572,41.93062,2670 N CANNON DR,2670 N Cannon Dr,2184332,12/13/2016 0:48,1756934B,IL,TRK,964070,SNOW ROUTE: 2'' OF SNOW OR MORE,145,CHEV,60,TRUE,12/13/2016 0:48
2665 N CANNON DR,,,,,,,,,0.841,dstk,41.930529,-87.636522,-87.636522,41.930529,2665 N CANNON DR,2665 N Cannon Dr,2184333,12/13/2016 0:53,Z256826,IL,PAS,964070,SNOW ROUTE: 2'' OF SNOW OR MORE,145,FORD,60,TRUE,12/13/2016 0:53
2667 N CANNON DR,,,,,,,,,0.841,dstk,41.930565,-87.636542,-87.636542,41.930565,2667 N CANNON DR,2667 N Cannon Dr,2184334,12/13/2016 0:58,Z734082,IL,PAS,964070,SNOW ROUTE: 2'' OF SNOW OR MORE,145,VOLK,60,TRUE,12/13/2016 0:58
2667 N CANNON DR,,,,,,,,,0.841,dstk,41.930565,-87.636542,-87.636542,41.930565,2667 N CANNON DR,2667 N Cannon Dr,2184341,12/16/2016 23:57,Z734082,IL,PAS,964070,SNOW ROUTE: 2'' OF SNOW OR MORE,145,VOLK,60,TRUE,12/16/2016 23:57
2669 N CANNON DR,,,,,,,,,0.841,dstk,41.930602,-87.636562,-87.636562,41.930602,2669 N CANNON DR,2669 N Cannon Dr,2184335,12/13/2016 1:00,V645708,IL,PAS,964070,SNOW ROUTE: 2'' OF SNOW OR MORE,145,ACUR,60,TRUE,12/13/2016 1:00
2668 N CANNON DR,,,,,,,,,0.719,dstk,41.930584,-87.636552,-87.636552,41.930584,2668 N CANNON DR,2668 N Cannon Dr,2184336,12/16/2016 23:38,GXD3621,OH,PAS,964070,SNOW ROUTE: 2'' OF SNOW OR MORE,145,VOLK,60,TRUE,12/16/2016 23:38
2521 N CANNON DR,,,,,,,,,0.841,dstk,41.92799,-87.634816,-87.634816,41.92799,2521 N CANNON DR,2521 N Cannon Dr,2184337,12/16/2016 23:43,Q443803,IL,PAS,964070,SNOW ROUTE: 2'' OF SNOW OR MORE,145,FORD,60,TRUE,12/16/2016 23:43
2535 N CANNON DR,,,,,,,,,0.841,dstk,41.928242,-87.634937,-87.634937,41.928242,2535 N CANNON DR,2535 N Cannon Dr,2184338,12/16/2016 23:45,Y410542,IL,PAS,964070,SNOW ROUTE: 2'' OF SNOW OR MORE,145,CHEV,60,TRUE,12/16/2016 23:45
2601 N CANNON DR,,,,,,,,,0.841,dstk,41.929421,-87.635733,-87.635733,41.929421,2601 N CANNON DR,2601 N Cannon Dr,2184339,12/16/2016 23:50,GOYO,IL,PAS,964070,SNOW ROUTE: 2'' OF SNOW OR MORE,145,TOYT,60,TRUE,12/16/2016 23:50
4017 N MILWAUKEE,4017,NORTH,MILWAUKEE,-87.747865,41.9539902,4017 NORTH MILWAUKEE AVENUE,N,4017 N MILWAUKEE,,,,,-87.747865,41.9539902,,,2187519,12/17/2016 3:25,H820792,IL,PAS,964070,SNOW ROUTE: 2'' OF SNOW OR MORE,16,CHRY,60,TRUE,12/17/2016 3:25
4226 N MILWAUKEE,4226,NORTH,MILWAUKEE,-87.7522451,41.9576872,4226 NORTH MILWAUKEE AVENUE,N,4226 N MILWAUKEE,,,,,-87.7522451,41.9576872,,,2187520,12/17/2016 3:27,R536604,IL,PAS,964070,SNOW ROUTE: 2'' OF SNOW OR MORE,16,JEEP,60,TRUE,12/17/2016 3:27
4345 N MILWAUKEE,4345,NORTH,MILWAUKEE,-87.7536624,41.960149,4345 NORTH MILWAUKEE AVENUE,N,4345 N MILWAUKEE,,,,,-87.7536624,41.960149,,,2187522,12/17/2016 3:32,N509687,IL,PAS,964070,SNOW ROUTE: 2'' OF SNOW OR MORE,16,TOYT,60,TRUE,12/17/2016 3:32
5358 N CENTRAL,5358,NORTH,CENTRAL,-87.7687139,41.9790329,5358 NORTH CENTRAL AVENUE,N,5358 N CENTRAL,,,,,-87.7687139,41.9790329,,,2187523,12/17/2016 3:37,Q584256,IL,PAS,964070,SNOW ROUTE: 2'' OF SNOW OR MORE,16,CHEV,60,TRUE,12/17/2016 3:37
3021 N ASHLAND,,,,,,,,,0.755,dstk,41.936807,-87.668483,-87.668483,41.936807,3021 N ASHLAND,3021 N Ashland Ave,2187626,12/17/2016 0:53,Q761911,IL,PAS,964070,SNOW ROUTE: 2'' OF SNOW OR MORE,19,VOLV,60,TRUE,12/17/2016 0:53
3049 S ASHLAND,,,,,,,,,0.755,dstk,41.838429,-87.665698,-87.665698,41.838429,3049 S ASHLAND,3049 S Ashland Ave,2187627,12/17/2016 1:00,V826227,IL,PAS,964070,SNOW ROUTE: 2'' OF SNOW OR MORE,19,CHEV,60,TRUE,12/17/2016 1:00
2748 N ASHLAND,2748,NORTH,ASHLAND,-87.6686649,41.9320033,2748 NORTH ASHLAND AVENUE,N,2748 N ASHLAND,,,,,-87.6686649,41.9320033,,,2187628,12/17/2016 1:05,AW91IP,IL,PAS,964070,SNOW ROUTE: 2'' OF SNOW OR MORE,19,DODG,60,TRUE,12/17/2016 1:05
2818 N ASHLAND,2818,NORTH,ASHLAND,-87.668724,41.9330389,2818 NORTH ASHLAND AVENUE,N,2818 N ASHLAND,,,,,-87.668724,41.9330389,,,2187629,12/17/2016 0:59,PP8044,IN,PAS,964070,SNOW ROUTE: 2'' OF SNOW OR MORE,19,HOND,60,TRUE,12/17/2016 0:59
2939 N ASHALND,,,,,,,,,0.732,dstk,41.935194,-87.668421,-87.668421,41.935194,2939 N ASHALND,2939 N Ashland Ave,2188084,12/17/2016 0:17,Y986629,IL,PAS,964070,SNOW ROUTE: 2'' OF SNOW OR MORE,19,TOYT,60,TRUE,12/17/2016 0:17
2941 N ASHLAND,2941,NORTH,ASHLAND,-87.6682208,41.9354745,2941 NORTH ASHLAND AVENUE,N,2941 N ASHLAND,,,,,-87.6682208,41.9354745,,,2188085,12/17/2016 0:18,2619NXB,IL,PAS,964070,SNOW ROUTE: 2'' OF SNOW OR MORE,19,CHEV,60,TRUE,12/17/2016 0:18
2945 N ASHLAND,2945,NORTH,ASHLAND,-87.6682223,41.935543,2945 NORTH ASHLAND AVENUE,N,2945 N ASHLAND,,,,,-87.6682223,41.935543,,,2188086,12/17/2016 0:19,OLAE63,MI,PAS,964070,SNOW ROUTE: 2'' OF SNOW OR MORE,19,KIA,60,TRUE,12/17/2016 0:19
2937 N ASHLAND,2937,NORTH,ASHLAND,-87.6682003,41.9353372,2937 NORTH ASHLAND AVENUE,N,2937 N ASHLAND,,,,,-87.6682003,41.9353372,,,2188103,12/17/2016 0:50,E458088,IL,PAS,964070,SNOW ROUTE: 2'' OF SNOW OR MORE,19,DODG,60,TRUE,12/17/2016 0:50
3015 N ASHLAND,3015,NORTH,ASHLAND,-87.6682447,41.936597,3015 NORTH ASHLAND AVENUE,N,3015 N ASHLAND,,,,,-87.6682447,41.936597,,,2188104,12/17/2016 0:52,1346763,IL,PAS,964070,SNOW ROUTE: 2'' OF SNOW OR MORE,19,TOYT,60,TRUE,12/17/2016 0:52
2742 N ASHLAND,2742,NORTH,ASHLAND,-87.668695,41.9318627,2742 NORTH ASHLAND AVENUE,N,2742 N ASHLAND,,,,,-87.668695,41.9318627,,,2188105,12/17/2016 1:09,P174919,IL,PAS,964070,SNOW ROUTE: 2'' OF SNOW OR MORE,19,HOND,60,TRUE,12/17/2016 1:09
2732 N ASHLAND,,,,,,,,,0.755,dstk,41.931514,-87.668441,-87.668441,41.931514,2732 N ASHLAND,2732 N Ashland Ave,2188106,12/17/2016 1:13,8153700,IL,PAS,964070,SNOW ROUTE: 2'' OF SNOW OR MORE,19,MAZD,60,TRUE,12/17/2016 1:13
2130 N ASHLAND,,,,,,,,,0.755,dstk,41.921126,-87.668623,-87.668623,41.921126,2130 N ASHLAND,2130 N Ashland Ave,2188107,12/17/2016 1:13,5312002,IL,PAS,964070,SNOW ROUTE: 2'' OF SNOW OR MORE,19,HOND,60,TRUE,12/17/2016 1:13
3740 W CHICAGO AVE,,,,,,,,,0.837,dstk,41.895487,-87.721115,-87.721115,41.895487,3740 W CHICAGO AVE,3740 W Chicago Ave,2188567,12/18/2016 10:03,E971554,IL,PAS,964070,SNOW ROUTE: 2'' OF SNOW OR MORE,11,TOYT,60,TRUE,12/18/2016 10:03
3819 W CHICAGO AVE,,,,,,,,,0.837,dstk,41.89533,-87.721764,-87.721764,41.89533,3819 W CHICAGO AVE,3819 W Chicago Ave,2188568,12/18/2016 10:20,BLESSSS,IL,PAS,964070,SNOW ROUTE: 2'' OF SNOW OR MORE,11,HYUN,60,TRUE,12/18/2016 10:20
3827 W CHICAGO AVE,,,,,,,,,0.837,dstk,41.895327,-87.722177,-87.722177,41.895327,3827 W CHICAGO AVE,3827 W Chicago Ave,2188569,12/18/2016 10:19,Q817336,IL,PAS,964070,SNOW ROUTE: 2'' OF SNOW OR MORE,11,NISS,60,TRUE,12/18/2016 10:19
3917 W CHICAGOA VE,,,,,,,,,0.815,dstk,41.89531,-87.724208,-87.724208,41.89531,3917 W CHICAGOA VE,3917 W Chicago Ave,2188570,12/18/2016 10:37,E601025,IL,PAS,964070,SNOW ROUTE: 2'' OF SNOW OR MORE,11,DODG,60,TRUE,12/18/2016 10:37
3915 W CHICAGO AVE,,,,,,,,,0.837,dstk,41.895311,-87.724151,-87.724151,41.895311,3915 W CHICAGO AVE,3915 W Chicago Ave,2188571,12/18/2016 10:39,R650464,IL,PAS,964070,SNOW ROUTE: 2'' OF SNOW OR MORE,11,CADI,60,TRUE,12/18/2016 10:39
3519 W CHICAGO AVE,,,,,,,,,0.837,dstk,41.895402,-87.714415,-87.714415,41.895402,3519 W CHICAGO AVE,3519 W Chicago Ave,2188572,12/18/2016 10:51,P494635,IL,PAS,964070,SNOW ROUTE: 2'' OF SNOW OR MORE,11,INFI,60,TRUE,12/18/2016 10:51
3517 W CHICAGO AVE,,,,,,,,,0.837,dstk,41.895402,-87.714362,-87.714362,41.895402,3517 W CHICAGO AVE,3517 W Chicago Ave,2188573,12/18/2016 10:54,R490953,IL,PAS,964070,SNOW ROUTE: 2'' OF SNOW OR MORE,11,CHEV,60,TRUE,12/18/2016 10:54
3443 W CHICAGO AVE,,,,,,,,,0.837,dstk,41.895414,-87.713095,-87.713095,41.895414,3443 W CHICAGO AVE,3443 W Chicago Ave,2188574,12/18/2016 10:58,Q133906,IL,PAS,964070,SNOW ROUTE: 2'' OF SNOW OR MORE,11,TOYT,60,TRUE,12/18/2016 10:58
3439 W CHICAGO AVE,,,,,,,,,0.837,dstk,41.895416,-87.712898,-87.712898,41.895416,3439 W CHICAGO AVE,3439 W Chicago Ave,2188575,12/18/2016 11:00,L755813,IL,PAS,964070,SNOW ROUTE: 2'' OF SNOW OR MORE,11,MITS,60,TRUE,12/18/2016 11:00
3435 W CHICAGO AVE,,,,,,,,,0.837,dstk,41.895494,-87.712654,-87.712654,41.895494,3435 W CHICAGO AVE,3435 W Chicago Ave,2188576,12/18/2016 11:03,3714172,IL,PAS,964070,SNOW ROUTE: 2'' OF SNOW OR MORE,11,CADI,60,TRUE,12/18/2016 11:03
3433 W CHICAGO AVE,,,,,,,,,0.837,dstk,41.895494,-87.712654,-87.712654,41.895494,3433 W CHICAGO AVE,3433 W Chicago Ave,2188577,12/18/2016 11:03,E604455,IL,PAS,964070,SNOW ROUTE: 2'' OF SNOW OR MORE,11,CHEV,60,TRUE,12/18/2016 11:03
3413 W CHICAGO AVE,,,,,,,,,0.837,dstk,41.8955,-87.712058,-87.712058,41.8955,3413 W CHICAGO AVE,3413 W Chicago Ave,2188578,12/18/2016 11:09,Q529066,IL,PAS,964070,SNOW ROUTE: 2'' OF SNOW OR MORE,11,HOND,60,TRUE,12/18/2016 11:09
3412 W CHICAGO AVE,,,,,,,,,0.837,dstk,41.895576,-87.711913,-87.711913,41.895576,3412 W CHICAGO AVE,3412 W Chicago Ave,2188579,12/18/2016 11:14,N679669,IL,PAS,964070,SNOW ROUTE: 2'' OF SNOW OR MORE,11,CHEV,60,TRUE,12/18/2016 11:14
3418 W CHICAGO AVE,,,,,,,,,0.837,dstk,41.895574,-87.712114,-87.712114,41.895574,3418 W CHICAGO AVE,3418 W Chicago Ave,2188580,12/18/2016 11:16,E227775,IL,PAS,964070,SNOW ROUTE: 2'' OF SNOW OR MORE,11,CHEV,60,TRUE,12/18/2016 11:16
3416 W CHICAGO AVE,,,,,,,,,0.837,dstk,41.8955,-87.712058,-87.712058,41.8955,3416 W CHICAGO AVE,3416 W Chicago Ave,2188581,12/18/2016 11:18,Z812276,IL,PAS,964070,SNOW ROUTE: 2'' OF SNOW OR MORE,11,TOYT,60,TRUE,12/18/2016 11:18
3424 W CHICAGO AVE,,,,,,,,,0.837,dstk,41.895573,-87.71236,-87.71236,41.895573,3424 W CHICAGO AVE,3424 W Chicago Ave,2188582,12/18/2016 11:20,S834447,IL,PAS,964070,SNOW ROUTE: 2'' OF SNOW OR MORE,11,GMC,60,TRUE,12/18/2016 11:20
3438 W CHICAGO AVE,,,,,,,,,0.837,dstk,41.895566,-87.712898,-87.712898,41.895566,3438 W CHICAGO AVE,3438 W Chicago Ave,2188583,12/18/2016 11:23,E359279,IL,PAS,964070,SNOW ROUTE: 2'' OF SNOW OR MORE,11,GEO,60,TRUE,12/18/2016 11:23
7318 S RACINE,7318,SOUTH,RACINE,-87.6542445,41.7607897,7318 SOUTH RACINE AVENUE,S,7318 S RACINE,,,,,-87.6542445,41.7607897,,,2192630,12/12/2016 1:09,ZX23391,IL,PAS,964070,SNOW ROUTE: 2'' OF SNOW OR MORE,7,JAGU,60,TRUE,12/12/2016 1:09
6723 S RACINE,6723,SOUTH,RACINE,-87.6540094,41.7716247,6723 SOUTH RACINE AVENUE,S,6723 S RACINE,,,,,-87.6540094,41.7716247,,,2192846,12/12/2016 2:40,2007340B,IL,TRK,964070,SNOW ROUTE: 2'' OF SNOW OR MORE,7,FORD,60,TRUE,12/12/2016 2:40
1542 W 63RD ST,,,,,,,,,0.808,dstk,41.779563,-87.66316,-87.66316,41.779563,1542 W 63RD ST,1542 W 63rd St,2193172,12/11/2016 18:40,E676684,IL,PAS,964070,SNOW ROUTE: 2'' OF SNOW OR MORE,7,MERC,60,TRUE,12/11/2016 18:40
6622 S DAMEN,6622,SOUTH,DAMEN,-87.6739969,41.7731552,6622 SOUTH DAMEN AVENUE,S,6622 S DAMEN,,,,,-87.6739969,41.7731552,,,2193173,12/11/2016 19:00,Z473790,IL,PAS,964070,SNOW ROUTE: 2'' OF SNOW OR MORE,7,FORD,60,TRUE,12/11/2016 19:00
6624 S DAMEN,,,,,,,,,0.75,Bing,41.77302964,-87.67380662,-87.67380662,41.77302964,6624 S DAMEN,"6624 S Damen Ave, Chicago, IL 60636, United States",2193174,12/11/2016 19:07,,IL,PAS,964070,SNOW ROUTE: 2'' OF SNOW OR MORE,7,CADI,60,TRUE,12/11/2016 19:07
6345 S ASHLAND AVE,,,,,,,,,0.837,dstk,41.778517,-87.66412,-87.66412,41.778517,6345 S ASHLAND AVE,6345 S Ashland Ave,2193177,12/13/2016 17:17,Q628095,IL,PAS,964070,SNOW ROUTE: 2'' OF SNOW OR MORE,7,FORD,60,TRUE,12/13/2016 17:17
6953 S PULASKI RD,,,,,,,,,0.839,dstk,41.766535,-87.722379,-87.722379,41.766535,6953 S PULASKI RD,6953 S Pulaski Rd,2193418,12/18/2016 4:15,E289905,IL,PAS,964070,SNOW ROUTE: 2'' OF SNOW OR MORE,8,GMC,60,TRUE,12/18/2016 4:15
6949 S PULASKI RD,,,,,,,,,0.839,dstk,41.766587,-87.72238,-87.72238,41.766587,6949 S PULASKI RD,6949 S Pulaski Rd,2193419,12/18/2016 4:19,Y771723,IL,PAS,964070,SNOW ROUTE: 2'' OF SNOW OR MORE,8,CHEV,60,TRUE,12/18/2016 4:19
6809 S PULASKI RD,,,,,,,,,0.839,dstk,41.769296,-87.722446,-87.722446,41.769296,6809 S PULASKI RD,6809 S Pulaski Rd,2193420,12/18/2016 4:23,N864371,IL,PAS,964070,SNOW ROUTE: 2'' OF SNOW OR MORE,8,BMW,60,TRUE,12/18/2016 4:23
4106 W 87TH ST,,,,,,,,,0.808,dstk,41.734894,-87.724102,-87.724102,41.734894,4106 W 87TH ST,4106 W 87th St,2193421,12/18/2016 4:36,Q113001,IL,PAS,964070,SNOW ROUTE: 2'' OF SNOW OR MORE,8,VOLK,60,TRUE,12/18/2016 4:36
4216 W 87TH ST,,,,,,,,,0.808,dstk,41.734844,-87.726935,-87.726935,41.734844,4216 W 87TH ST,4216 W 87th St,2193422,12/18/2016 4:39,S882693,IL,PAS,964070,SNOW ROUTE: 2'' OF SNOW OR MORE,8,LEXU,60,TRUE,12/18/2016 4:39
4216 W 87TH ST,,,,,,,,,0.808,dstk,41.734844,-87.726935,-87.726935,41.734844,4216 W 87TH ST,4216 W 87th St,2193423,12/18/2016 4:42,R240639,IL,PAS,964070,SNOW ROUTE: 2'' OF SNOW OR MORE,8,BUIC,60,TRUE,12/18/2016 4:42
10608 S KEDZIE,10608,SOUTH,KEDZIE,-87.7014358,41.700262,10608 SOUTH KEDZIE AVENUE,S,10608 S KEDZIE,,,,,-87.7014358,41.700262,,,2194210,12/18/2016 2:20,S945924,IL,PAS,964070,SNOW ROUTE: 2'' OF SNOW OR MORE,1,GMC,60,TRUE,12/18/2016 2:20
10608 S KEDZIE,10608,SOUTH,KEDZIE,-87.7014358,41.700262,10608 SOUTH KEDZIE AVENUE,S,10608 S KEDZIE,,,,,-87.7014358,41.700262,,,2194211,12/18/2016 2:35,S945924,IL,PAS,964070,SNOW ROUTE: 2'' OF SNOW OR MORE,1,GMC,60,TRUE,12/18/2016 2:35
6959 S PULASKI RD,,,,,,,,,0.839,dstk,41.766456,-87.722378,-87.722378,41.766456,6959 S PULASKI RD,6959 S Pulaski Rd,2194290,12/18/2016 16:13,E976844,IL,PAS,964070,SNOW ROUTE: 2'' OF SNOW OR MORE,8,NISS,60,TRUE,12/18/2016 16:13
6939 S PULASKI RD,,,,,,,,,0.839,dstk,41.766719,-87.722384,-87.722384,41.766719,6939 S PULASKI RD,6939 S Pulaski Rd,2194292,12/18/2016 4:21,S221303,IL,PAS,964070,SNOW ROUTE: 2'' OF SNOW OR MORE,8,VOLK,60,TRUE,12/18/2016 4:21
6820 S PULASKI RD,,,,,,,,,0.839,dstk,41.768856,-87.722588,-87.722588,41.768856,6820 S PULASKI RD,6820 S Pulaski Rd,2194294,12/18/2016 4:25,Q702985,IL,PAS,964070,SNOW ROUTE: 2'' OF SNOW OR MORE,8,CHEV,60,TRUE,12/18/2016 4:25
4112 W 87TH,4112,WEST,87TH,-87.7244507,41.7350994,4112 WEST 87TH STREET,W,4112 W 87TH,,,,,-87.7244507,41.7350994,,,2194295,12/18/2016 4:37,E726347,IL,PAS,964070,SNOW ROUTE: 2'' OF SNOW OR MORE,8,NISS,60,TRUE,12/18/2016 4:37
4216 W 87TH STREET,,,,,,,,,0.789,dstk,41.734844,-87.726935,-87.726935,41.734844,4216 W 87TH STREET,4216 W 87th St,2194296,12/18/2016 4:41,1843577B,IL,TRK,964070,SNOW ROUTE: 2'' OF SNOW OR MORE,8,CHEV,60,TRUE,12/18/2016 4:41
4236 W 87TH,,,,,,,,,0.74,dstk,41.734833,-87.727581,-87.727581,41.734833,4236 W 87TH,4236 W 87th St,2194297,12/18/2016 4:44,Y804952,IL,PAS,964070,SNOW ROUTE: 2'' OF SNOW OR MORE,8,HYUN,60,TRUE,12/18/2016 4:44
740 W 63RD,,,,,,,,,0.74,dstk,41.779839,-87.643894,-87.643894,41.779839,740 W 63RD,740 W 63rd St,2198190,12/13/2016 8:23,Q985330,IL,PAS,964070,SNOW ROUTE: 2'' OF SNOW OR MORE,7,VOLK,60,TRUE,12/13/2016 8:23
6718 S RACINE,6718,SOUTH,RACINE,-87.6550391,41.7717725,6718 SOUTH RACINE AVENUE,S,6718 S RACINE,,,,,-87.6550391,41.7717725,,,2198422,12/17/2016 23:23,Z268213,IL,PAS,964070,SNOW ROUTE: 2'' OF SNOW OR MORE,7,NISS,60,TRUE,12/17/2016 23:23
6717 S RACINE,,,,,,,,,0.75,dstk,41.77197,-87.654227,-87.654227,41.77197,6717 S RACINE,6717 S Racine Ave,2198423,12/17/2016 11:55,ZX24223,IL,PAS,964070,SNOW ROUTE: 2'' OF SNOW OR MORE,7,CHEV,60,TRUE,12/17/2016 11:55
6651 S RACINE,6651,SOUTH,RACINE,-87.6541515,41.7725592,6651 SOUTH RACINE AVENUE,S,6651 S RACINE,,,,,-87.6541515,41.7725592,,,2198424,12/18/2016 0:20,E743505,IL,PAS,964070,SNOW ROUTE: 2'' OF SNOW OR MORE,7,HYUN,60,TRUE,12/18/2016 0:20
6518 S ASHLAND AV,,,,,,,,,0.817,dstk,41.775496,-87.664187,-87.664187,41.775496,6518 S ASHLAND AV,6518 S Ashland Ave,2199083,12/18/2016 0:04,Q632500,IL,PAS,964070,SNOW ROUTE: 2'' OF SNOW OR MORE,7,PONT,60,TRUE,12/18/2016 0:04
2219 E 87TH,2219,EAST,87TH,-87.5701003,41.7368273,2219 EAST 87TH STREET,E,2219 E 87TH,,,,,-87.5701003,41.7368273,,,2199160,12/20/2016 0:42,Z585047,IL,PAS,964070,SNOW ROUTE: 2'' OF SNOW OR MORE,4,PONT,60,TRUE,12/20/2016 0:42
6426 S DAMEN,6426,SOUTH,DAMEN,-87.674098,41.7766825,6426 SOUTH DAMEN AVENUE,S,6426 S DAMEN,,,,,-87.674098,41.7766825,,,2199213,12/18/2016 2:24,V613362,IL,PAS,964070,SNOW ROUTE: 2'' OF SNOW OR MORE,7,PONT,60,TRUE,12/18/2016 2:24
6433 S RACINE,6433,SOUTH,RACINE,-87.6541713,41.7767819,6433 SOUTH RACINE AVENUE,S,6433 S RACINE,,,,,-87.6541713,41.7767819,,,2199214,12/18/2016 5:00,E378380,IL,PAS,964070,SNOW ROUTE: 2'' OF SNOW OR MORE,7,HOND,60,TRUE,12/18/2016 5:00
5925 S DAMEN,5925,SOUTH,DAMEN,-87.6738179,41.7858599,5925 SOUTH DAMEN AVENUE,S,5925 S DAMEN,,,,,-87.6738179,41.7858599,,,2199224,12/18/2016 2:13,S863885,IL,PAS,964070,SNOW ROUTE: 2'' OF SNOW OR MORE,7,SATR,60,TRUE,12/18/2016 2:13
6623 S RACINE,,,,,,,,,0.75,dstk,41.773525,-87.654264,-87.654264,41.773525,6623 S RACINE,6623 S Racine Ave,2199225,12/18/2016 4:50,R442479,IL,PAS,964070,SNOW ROUTE: 2'' OF SNOW OR MORE,7,CHEV,60,TRUE,12/18/2016 4:50
9068 S SOUTH CHICAGO,9068,SOUTH,SOUTH CHICAGO,-87.5565209,41.7302606,9068 SOUTH SOUTH CHICAGO AVENUE,S,9068 S SOUTH CHICAGO,,,,,-87.5565209,41.7302606,,,2199670,12/19/2016 23:40,Z454059,IL,PAS,964070,SNOW ROUTE: 2'' OF SNOW OR MORE,4,VOLK,60,TRUE,12/19/2016 23:40
9110 S SOUTH CHICAGO,9110,SOUTH,SOUTH CHICAGO,-87.5556151,41.7295891,9110 SOUTH SOUTH CHICAGO AVENUE,S,9110 S SOUTH CHICAGO,,,,,-87.5556151,41.7295891,,,2199672,12/19/2016 23:45,SCT51,IL,PAS,964070,SNOW ROUTE: 2'' OF SNOW OR MORE,4,CHEV,60,TRUE,12/19/2016 23:45
4051 W 16TH ST,,,,,,,,,0.808,dstk,41.85877,-87.726506,-87.726506,41.85877,4051 W 16TH ST,4051 W 16th St,2199876,12/18/2016 16:53,H483861,IL,PAS,964070,SNOW ROUTE: 2'' OF SNOW OR MORE,10,DODG,60,TRUE,12/18/2016 16:53
400 W NORTH,,,,,,,,,0.75,Bing,41.91114463,-87.63876423,-87.63876423,41.91114463,400 W NORTH,"400 W North Ave, Chicago, IL 60610, United States",2204262,12/18/2016 3:04,Z510503,IL,PAS,964070,SNOW ROUTE: 2'' OF SNOW OR MORE,18,ACUR,60,TRUE,12/18/2016 3:04
425 W NORTH,425,WEST,NORTH,-87.6395803,41.9108458,425 WEST NORTH AVENUE,W,425 W NORTH,,,,,-87.6395803,41.9108458,,,2204263,12/18/2016 3:08,V908369,IL,PAS,964070,SNOW ROUTE: 2'' OF SNOW OR MORE,18,VOLK,60,TRUE,12/18/2016 3:08
421 W NORTH AVE,,,,,,,,,0.75,Bing,41.910816,-87.639434,-87.639434,41.910816,421 W NORTH AVE,"421 W North Ave, Chicago, IL 60610, United States",2204264,12/18/2016 3:14,R873818,IL,PAS,964070,SNOW ROUTE: 2'' OF SNOW OR MORE,18,VOLK,60,TRUE,12/18/2016 3:14
413 W NORTH AVE,,,,,,,,,0.75,Bing,41.91105478,-87.63912499,-87.63912499,41.91105478,413 W NORTH AVE,"413 W North Ave, Chicago, IL 60610, United States",2204265,12/18/2016 3:18,L588542,IL,PAS,964070,SNOW ROUTE: 2'' OF SNOW OR MORE,18,TOYT,60,TRUE,12/18/2016 3:18
319 W NORTH AVE,,,,,,,,,0.75,Bing,41.91107959,-87.63742112,-87.63742112,41.91107959,319 W NORTH AVE,"319 W North Ave, Chicago, IL 60610, United States",2204266,12/18/2016 3:22,R989922,IL,PAS,964070,SNOW ROUTE: 2'' OF SNOW OR MORE,18,HOND,60,TRUE,12/18/2016 3:22
237 W NORTH AVE,,,,,,,,,0.75,Bing,41.91109501,-87.6360029,-87.6360029,41.91109501,237 W NORTH AVE,"237 W North Ave, Chicago, IL 60610, United States",2204267,12/18/2016 3:30,R459336,IL,PAS,964070,SNOW ROUTE: 2'' OF SNOW OR MORE,18,CHEV,60,TRUE,12/18/2016 3:30
237 W NORTH AVE,,,,,,,,,0.75,Bing,41.91109501,-87.6360029,-87.6360029,41.91109501,237 W NORTH AVE,"237 W North Ave, Chicago, IL 60610, United States",2214100,12/18/2016 3:26,BP7,IL,PAS,964070,SNOW ROUTE: 2'' OF SNOW OR MORE,18,BMW,60,TRUE,12/18/2016 3:26
219 W WORTH AVE,,,,,,,,,0.75,Bing,41.910923,-87.635551,-87.635551,41.910923,219 W WORTH AVE,"219 W North Ave, Chicago, IL 60610, United States",2204268,12/18/2016 3:37,E529737,IL,PAS,964070,SNOW ROUTE: 2'' OF SNOW OR MORE,18,NISS,60,TRUE,12/18/2016 3:37
4121 N MILWAUKEE,,,,,,,,,0.763,dstk,41.955869,-87.750162,-87.750162,41.955869,4121 N MILWAUKEE,4121 N Milwaukee Ave,2204345,12/18/2016 15:07,Q582994,IL,PAS,964070,SNOW ROUTE: 2'' OF SNOW OR MORE,16,CADI,60,TRUE,12/18/2016 15:07
4409 N CENTRAL,4409,NORTH,CENTRAL,-87.7668178,41.9607878,4409 NORTH CENTRAL AVENUE,N,4409 N CENTRAL,,,,,-87.7668178,41.9607878,,,2204346,12/18/2016 3:23,L595789,IL,PAS,964070,SNOW ROUTE: 2'' OF SNOW OR MORE,16,TOYT,60,TRUE,12/18/2016 3:23
4712 N CENTRAL,4712,NORTH,CENTRAL,-87.7677333,41.9664001,4712 NORTH CENTRAL AVENUE,N,4712 N CENTRAL,,,,,-87.7677333,41.9664001,,,2204347,12/18/2016 3:27,Q602735,IL,PAS,964070,SNOW ROUTE: 2'' OF SNOW OR MORE,16,CHEV,60,TRUE,12/18/2016 3:27
4638 N CENTRAL,,,,,,,,,0.755,dstk,41.965271,-87.767471,-87.767471,41.965271,4638 N CENTRAL,4638 N Central Ave,2204348,12/18/2016 3:50,Z839123,IL,PAS,964070,SNOW ROUTE: 2'' OF SNOW OR MORE,16,KIA,60,TRUE,12/18/2016 3:50
4250 N MILWAUKEE,4250,NORTH,MILWAUKEE,-87.7526671,41.9582653,4250 NORTH MILWAUKEE AVENUE,N,4250 N MILWAUKEE,,,,,-87.7526671,41.9582653,,,2204410,12/17/2016 3:05,S413011,IL,PAS,964070,SNOW ROUTE: 2'' OF SNOW OR MORE,16,HOND,60,TRUE,12/17/2016 3:05
4250 N MILWAUKEE,4250,NORTH,MILWAUKEE,-87.7526671,41.9582653,4250 NORTH MILWAUKEE AVENUE,N,4250 N MILWAUKEE,,,,,-87.7526671,41.9582653,,,2225432,12/24/2016 3:07,P260753,IL,PAS,964070,SNOW ROUTE: 2'' OF SNOW OR MORE,16,NISS,60,TRUE,12/24/2016 3:07
4539 N MILWAUKEE,4539,NORTH,MILWAUKEE,-87.7566615,41.9635336,4539 NORTH MILWAUKEE AVENUE,N,4539 N MILWAUKEE,,,,,-87.7566615,41.9635336,,,2204411,12/18/2016 3:01,E694442,IL,PAS,964070,SNOW ROUTE: 2'' OF SNOW OR MORE,16,NISS,60,TRUE,12/18/2016 3:01
4211 N MILWAUKEE,4211,NORTH,MILWAUKEE,-87.7513883,41.9574025,4211 NORTH MILWAUKEE AVENUE,N,4211 N MILWAUKEE,,,,,-87.7513883,41.9574025,,,2204412,12/18/2016 3:12,K908239,IL,PAS,964070,SNOW ROUTE: 2'' OF SNOW OR MORE,16,FORD,60,TRUE,12/18/2016 3:12
6907 S ASHLAND,6907,SOUTH,ASHLAND,-87.6636496,41.7682718,6907 SOUTH ASHLAND AVENUE,S,6907 S ASHLAND,,,,,-87.6636496,41.7682718,,,2204430,12/11/2016 22:25,S877110,IL,PAS,964070,SNOW ROUTE: 2'' OF SNOW OR MORE,8,SATR,60,TRUE,12/11/2016 22:25
6913 S ASHLAND,,,,,,,,,0.755,dstk,41.768322,-87.66381,-87.66381,41.768322,6913 S ASHLAND,6913 S Ashland Ave,2204569,12/16/2016 16:42,249T639,IL,TMP,964070,SNOW ROUTE: 2'' OF SNOW OR MORE,312,VOLK,60,TRUE,12/16/2016 16:42
7130 S ASHLAND,,,,,,,,,0.755,dstk,41.76415,-87.663833,-87.663833,41.76415,7130 S ASHLAND,7130 S Ashland Ave,2204571,12/16/2016 21:52,N646662,IL,PAS,964070,SNOW ROUTE: 2'' OF SNOW OR MORE,312,CADI,60,TRUE,12/16/2016 21:52
7142 S ASHLAND,7142,SOUTH,ASHLAND,-87.6640816,41.7636164,7142 SOUTH ASHLAND AVENUE,S,7142 S ASHLAND,,,,,-87.6640816,41.7636164,,,2204572,12/16/2016 21:55,Z346030,IL,PAS,964070,SNOW ROUTE: 2'' OF SNOW OR MORE,312,NISS,60,TRUE,12/16/2016 21:55
2116 W 71ST ST,,,,,,,,,0.808,dstk,41.764849,-87.676522,-87.676522,41.764849,2116 W 71ST ST,2116 W 71st St,2204574,12/17/2016 19:29,Z661896,IL,PAS,964070,SNOW ROUTE: 2'' OF SNOW OR MORE,312,NISS,60,TRUE,12/17/2016 19:29
2141 W 71ST ST,,,,,,,,,0.808,dstk,41.764766,-87.677503,-87.677503,41.764766,2141 W 71ST ST,2141 W 71st St,2204576,12/17/2016 21:50,1567145B,IL,TRK,964070,SNOW ROUTE: 2'' OF SNOW OR MORE,312,CHEV,60,TRUE,12/17/2016 21:50
2129 W 71ST ST,,,,,,,,,0.808,dstk,41.76477,-87.67706,-87.67706,41.76477,2129 W 71ST ST,2129 W 71st St,2204577,12/17/2016 21:53,S284860,IL,PAS,964070,SNOW ROUTE: 2'' OF SNOW OR MORE,312,HYUN,60,TRUE,12/17/2016 21:53
2039 W 71ST ST,,,,,,,,,0.808,dstk,41.764721,-87.67485,-87.67485,41.764721,2039 W 71ST ST,2039 W 71st St,2204581,12/17/2016 22:03,Q708257,IL,PAS,964070,SNOW ROUTE: 2'' OF SNOW OR MORE,312,TOYT,60,TRUE,12/17/2016 22:03
4257 N MILWAUKEE,4257,NORTH,MILWAUKEE,-87.752328,41.95852,4257 NORTH MILWAUKEE AVENUE,N,4257 N MILWAUKEE,,,,,-87.752328,41.95852,,,2204658,12/18/2016 3:05,S929507,IL,PAS,964070,SNOW ROUTE: 2'' OF SNOW OR MORE,16,CHEV,60,TRUE,12/18/2016 3:05
451 E 71ST STREET,,,,,,,,,0.789,dstk,41.765666,-87.613427,-87.613427,41.765666,451 E 71ST STREET,451 E 71st St,2205708,12/18/2016 2:32,Q748821,IL,PAS,964070,SNOW ROUTE: 2'' OF SNOW OR MORE,3,HYUN,60,TRUE,12/18/2016 2:32
448 E 71ST STREET,,,,,,,,,0.789,dstk,41.765741,-87.613446,-87.613446,41.765741,448 E 71ST STREET,448 E 71st St,2205709,12/18/2016 2:53,ZX32940,IL,PAS,964070,SNOW ROUTE: 2'' OF SNOW OR MORE,3,PONT,60,TRUE,12/18/2016 2:53
442 E 71ST STRERET,,,,,,,,,0.728,dstk,41.765813,-87.613642,-87.613642,41.765813,442 E 71ST STRERET,442 E 71st St,2205710,12/18/2016 2:56,ZX20694,IL,PAS,964070,SNOW ROUTE: 2'' OF SNOW OR MORE,3,VOLK,60,TRUE,12/18/2016 2:56
5041 W BELMONT AVE,,,,,,,,,0.837,dstk,41.938675,-87.752658,-87.752658,41.938675,5041 W BELMONT AVE,5041 W Belmont Ave,2206424,12/18/2016 4:16,9470371,IL,PAS,964070,SNOW ROUTE: 2'' OF SNOW OR MORE,16,FORD,60,TRUE,12/18/2016 4:16
219 W NORTH AVE,,,,,,,,,0.75,Bing,41.910923,-87.635551,-87.635551,41.910923,219 W NORTH AVE,"219 W North Ave, Chicago, IL 60610, United States",2214101,12/18/2016 3:34,S149192,IL,PAS,964070,SNOW ROUTE: 2'' OF SNOW OR MORE,18,INFI,60,TRUE,12/18/2016 3:34
217 W NORTH AVE,,,,,,,,,0.75,Bing,41.910926,-87.635452,-87.635452,41.910926,217 W NORTH AVE,"217 W North Ave, Chicago, IL 60610, United States",2214102,12/18/2016 3:39,9284215,IL,PAS,964070,SNOW ROUTE: 2'' OF SNOW OR MORE,18,HOND,60,TRUE,12/18/2016 3:39
4660 N MILWAUKEE,4660,NORTH,MILWAUKEE,-87.7591913,41.9653844,4660 NORTH MILWAUKEE AVENUE,N,4660 N MILWAUKEE,,,,,-87.7591913,41.9653844,,,2214188,12/21/2016 3:00,Y714851,IL,PAS,964070,SNOW ROUTE: 2'' OF SNOW OR MORE,16,HYUN,60,TRUE,12/21/2016 3:00
4738 N CENTRAL,4738,NORTH,CENTRAL,-87.767752,41.96715,4738 NORTH CENTRAL AVENUE,N,4738 N CENTRAL,,,,,-87.767752,41.96715,,,2214189,12/21/2016 3:08,,IL,PAS,964070,SNOW ROUTE: 2'' OF SNOW OR MORE,16,JEEP,60,TRUE,12/21/2016 3:08
2404 W 71ST,,,,,,,,,0.74,dstk,41.764772,-87.683377,-87.683377,41.764772,2404 W 71ST,2404 W 71st St,2214339,12/10/2016 23:00,E599392,IL,PAS,964070,SNOW ROUTE: 2'' OF SNOW OR MORE,8,TOYT,60,TRUE,12/10/2016 23:00
225 W DIVISION,225,WEST,DIVISION,-87.6356444,41.9036448,225 WEST DIVISION STREET,W,225 W DIVISION,,,,,-87.6356444,41.9036448,,,2214930,12/19/2016 2:21,DNF9838,MI,PAS,964070,SNOW ROUTE: 2'' OF SNOW OR MORE,18,HYUN,60,TRUE,12/19/2016 2:21
2027 W DIVISION,,,,,,,,,0.775,dstk,41.903108,-87.677554,-87.677554,41.903108,2027 W DIVISION,2027 W Division St,2220830,12/24/2016 3:03,A637634,IL,PAS,964070,SNOW ROUTE: 2'' OF SNOW OR MORE,14,CHEV,60,TRUE,12/24/2016 3:03
2028 W DIVISION,,,,,,,,,0.775,dstk,41.903253,-87.677903,-87.677903,41.903253,2028 W DIVISION,2028 W Division St,2220831,12/24/2016 3:06,E405653,IL,PAS,964070,SNOW ROUTE: 2'' OF SNOW OR MORE,14,MINI,60,TRUE,12/24/2016 3:06
1909 W DIVISION,1909,WEST,DIVISION,-87.6752536,41.9029763,1909 WEST DIVISION STREET,W,1909 W DIVISION,,,,,-87.6752536,41.9029763,,,2220832,12/24/2016 3:08,N260165,IL,PAS,964070,SNOW ROUTE: 2'' OF SNOW OR MORE,14,BMW,60,TRUE,12/24/2016 3:08
1701 W DIVISION,1701,WEST,DIVISION,-87.6700776,41.9031023,1701 WEST DIVISION STREET,W,1701 W DIVISION,,,,,-87.6700776,41.9031023,,,2220833,12/24/2016 3:10,N796095,IL,PAS,964070,SNOW ROUTE: 2'' OF SNOW OR MORE,14,HOND,60,TRUE,12/24/2016 3:10
1657 W DIVISION,1657,WEST,DIVISION,-87.6697804,41.9030317,1657 WEST DIVISION STREET,W,1657 W DIVISION,,,,,-87.6697804,41.9030317,,,2220834,12/24/2016 3:12,DHW8473,MI,PAS,964070,SNOW ROUTE: 2'' OF SNOW OR MORE,14,FORD,60,TRUE,12/24/2016 3:12
1635 W DIVISION,1635,WEST,DIVISION,-87.6690949,41.9029678,1635 WEST DIVISION STREET,W,1635 W DIVISION,,,,,-87.6690949,41.9029678,,,2220835,12/24/2016 3:15,7677443,IL,PAS,964070,SNOW ROUTE: 2'' OF SNOW OR MORE,14,DODG,60,TRUE,12/24/2016 3:15
1636 W DIVISION,,,,,,,,,0.775,dstk,41.903408,-87.668318,-87.668318,41.903408,1636 W DIVISION,1636 W Division St,2220836,12/24/2016 3:17,X883528,IL,PAS,964070,SNOW ROUTE: 2'' OF SNOW OR MORE,14,VOLK,60,TRUE,12/24/2016 3:17
1640 W DIVISION,,,,,,,,,0.775,dstk,41.903405,-87.668494,-87.668494,41.903405,1640 W DIVISION,1640 W Division St,2220837,12/24/2016 3:19,ZY64282,IL,PAS,964070,SNOW ROUTE: 2'' OF SNOW OR MORE,14,NISS,60,TRUE,12/24/2016 3:19
5738 S ARCHER,5738,SOUTH,ARCHER,-87.7558253,41.7969438,5738 SOUTH ARCHER AVENUE,S,5738 S ARCHER,,,,,-87.7558253,41.7969438,,,2221448,12/27/2016 3:03,Q153742,IL,PAS,964070,SNOW ROUTE: 2'' OF SNOW OR MORE,8,HOND,60,TRUE,12/27/2016 3:03
5640 S ARCHER,5640,SOUTH,ARCHER,-87.7517005,41.7976395,5640 SOUTH ARCHER AVENUE,S,5640 S ARCHER,,,,,-87.7517005,41.7976395,,,2221449,12/27/2016 3:05,E479765,IL,PAS,964070,SNOW ROUTE: 2'' OF SNOW OR MORE,8,FORD,60,TRUE,12/27/2016 3:05
4140 N MILWAUKEE,4140,NORTH,MILWAUKEE,-87.7509684,41.9562312,4140 NORTH MILWAUKEE AVENUE,N,4140 N MILWAUKEE,,,,,-87.7509684,41.9562312,,,2225429,12/23/2016 3:23,Y747597,IL,PAS,964070,SNOW ROUTE: 2'' OF SNOW OR MORE,16,CHEV,60,TRUE,12/23/2016 3:23
4013 N MILWAUKEE,,,,,,,,,0.763,dstk,41.953798,-87.74779,-87.74779,41.953798,4013 N MILWAUKEE,4013 N Milwaukee Ave,2225430,12/23/2016 3:28,R823424,IL,PAS,964070,SNOW ROUTE: 2'' OF SNOW OR MORE,16,AUDI,60,TRUE,12/23/2016 3:28
4643 N MILWAUKEE,,,,,,,,,0.763,dstk,41.964919,-87.758067,-87.758067,41.964919,4643 N MILWAUKEE,4643 N Milwaukee Ave,2225431,12/24/2016 3:03,Y714859,IL,PAS,964070,SNOW ROUTE: 2'' OF SNOW OR MORE,16,TOYT,60,TRUE,12/24/2016 3:03
4301 N MILWAUKEE,4301,NORTH,MILWAUKEE,-87.7526328,41.9590353,4301 NORTH MILWAUKEE AVENUE,N,4301 N MILWAUKEE,,,,,-87.7526328,41.9590353,,,2225433,12/24/2016 3:09,ABC8888,IL,PAS,964070,SNOW ROUTE: 2'' OF SNOW OR MORE,16,HOND,60,TRUE,12/24/2016 3:09
4247 N MILWAUKEE,,,,,,,,,0.763,dstk,41.958111,-87.752164,-87.752164,41.958111,4247 N MILWAUKEE,4247 N Milwaukee Ave,2225434,12/24/2016 3:12,P552004,IL,PAS,964070,SNOW ROUTE: 2'' OF SNOW OR MORE,16,HYUN,60,TRUE,12/24/2016 3:12
3950 N CENTRAL,3950,NORTH,CENTRAL,-87.7672047,41.9528998,3950 NORTH CENTRAL AVENUE,N,3950 N CENTRAL,,,,,-87.7672047,41.9528998,,,2225435,12/24/2016 3:13,G793599,IL,PAS,964070,SNOW ROUTE: 2'' OF SNOW OR MORE,16,VOLK,60,TRUE,12/24/2016 3:13
3950 N CENTRAL,3950,NORTH,CENTRAL,-87.7672047,41.9528998,3950 NORTH CENTRAL AVENUE,N,3950 N CENTRAL,,,,,-87.7672047,41.9528998,,,2225437,12/24/2016 3:16,Q632456,IL,PAS,964070,SNOW ROUTE: 2'' OF SNOW OR MORE,16,NISS,60,TRUE,12/24/2016 3:16
3948 N CENTRAL,3948,NORTH,CENTRAL,-87.7672051,41.9528592,3948 NORTH CENTRAL AVENUE,N,3948 N CENTRAL,,,,,-87.7672051,41.9528592,,,2225436,12/24/2016 3:14,S396372,IL,PAS,964070,SNOW ROUTE: 2'' OF SNOW OR MORE,16,NISS,60,TRUE,12/24/2016 3:14
3954 N CENTRAL,3954,NORTH,CENTRAL,-87.767204,41.9529812,3954 NORTH CENTRAL AVENUE,N,3954 N CENTRAL,,,,,-87.767204,41.9529812,,,2225438,12/24/2016 3:17,4826060,IL,PAS,964070,SNOW ROUTE: 2'' OF SNOW OR MORE,16,TOYT,60,TRUE,12/24/2016 3:17
3938 N CENTRAL,3938,NORTH,CENTRAL,-87.7672273,41.9524882,3938 NORTH CENTRAL AVENUE,N,3938 N CENTRAL,,,,,-87.7672273,41.9524882,,,2225439,12/24/2016 3:18,Y709703,IL,PAS,964070,SNOW ROUTE: 2'' OF SNOW OR MORE,16,BMW,60,TRUE,12/24/2016 3:18
3939 N CENTRAL,,,,,,,,,0.755,dstk,41.952351,-87.766896,-87.766896,41.952351,3939 N CENTRAL,3939 N Central Ave,2225440,12/24/2016 3:20,G591163,IL,PAS,964070,SNOW ROUTE: 2'' OF SNOW OR MORE,16,TOYT,60,TRUE,12/24/2016 3:20
3723 W CHICAGO AVE,,,,,,,,,0.837,dstk,41.895352,-87.719528,-87.719528,41.895352,3723 W CHICAGO AVE,3723 W Chicago Ave,2242248,12/18/2016 14:00,Z902585,IL,PAS,964070,SNOW ROUTE: 2'' OF SNOW OR MORE,11,NISS,60,TRUE,12/18/2016 14:00
4208 N MILWAUKEE,4208,NORTH,MILWAUKEE,-87.7518279,41.9573015,4208 NORTH MILWAUKEE AVENUE,N,4208 N MILWAUKEE,,,,,-87.7518279,41.9573015,,,2246250,12/29/2016 3:02,7125863,IL,PAS,964070,SNOW ROUTE: 2'' OF SNOW OR MORE,16,HOND,60,TRUE,12/29/2016 3:02
4709 N MILWAUKEE,4709,NORTH,MILWAUKEE,-87.7586916,41.966009,4709 NORTH MILWAUKEE AVENUE,N,4709 N MILWAUKEE,,,,,-87.7586916,41.966009,,,2246252,12/30/2016 3:01,H818868,IL,PAS,964070,SNOW ROUTE: 2'' OF SNOW OR MORE,16,MERC,60,TRUE,12/30/2016 3:01
4709 N MILWAUKEE,4709,NORTH,MILWAUKEE,-87.7586916,41.966009,4709 NORTH MILWAUKEE AVENUE,N,4709 N MILWAUKEE,,,,,-87.7586916,41.966009,,,2246255,12/30/2016 3:14,843LZW,IN,PAS,964070,SNOW ROUTE: 2'' OF SNOW OR MORE,16,DODG,60,TRUE,12/30/2016 3:14
4702 N MILWAUKEE,4702,NORTH,MILWAUKEE,-87.7598104,41.9657428,4702 NORTH MILWAUKEE AVENUE,N,4702 N MILWAUKEE,,,,,-87.7598104,41.9657428,,,2246253,12/30/2016 3:07,105YZP,WI,PAS,964070,SNOW ROUTE: 2'' OF SNOW OR MORE,16,INFI,60,TRUE,12/30/2016 3:07
4442 N MILWAUKEE,4442,NORTH,MILWAUKEE,-87.7560586,41.9618189,4442 NORTH MILWAUKEE AVENUE,N,4442 N MILWAUKEE,,,,,-87.7560586,41.9618189,,,2246254,12/30/2016 3:11,33122TX,IL,TXI,964070,SNOW ROUTE: 2'' OF SNOW OR MORE,16,TOYT,60,TRUE,12/30/2016 3:11
4558 N MILWAUKEE,4558,NORTH,MILWAUKEE,-87.7575532,41.9636911,4558 NORTH MILWAUKEE AVENUE,N,4558 N MILWAUKEE,,,,,-87.7575532,41.9636911,,,2246321,12/29/2016 3:00,V412720,IL,PAS,964070,SNOW ROUTE: 2'' OF SNOW OR MORE,16,CHEV,60,TRUE,12/29/2016 3:00
4106 N MILWAUKEE,4106,NORTH,MILWAUKEE,-87.7503838,41.9554737,4106 NORTH MILWAUKEE AVENUE,N,4106 N MILWAUKEE,,,,,-87.7503838,41.9554737,,,2246322,12/29/2016 3:05,S390793,IL,PAS,964070,SNOW ROUTE: 2'' OF SNOW OR MORE,16,TOYT,60,TRUE,12/29/2016 3:05
